Season	Episode	AirDate	Viewers	Product	Deal	Sharks
1	1	2009-08-09	4.23	mr. tod's pie factory	YES	Kevin Harrington, Daymond John, Kevin O'Leary, Barbara Corcoran, Robert Herjavec
1	1	2009-08-09	4.23	ionic ear	NO	Kevin Harrington, Daymond John, Kevin O'Leary, Barbara Corcoran, Robert Herjavec
1	1	2009-08-09	4.23	wispots	NO	Kevin Harrington, Daymond John, Kevin O'Leary, Barbara Corcoran, Robert Herjavec
1	1	2009-08-09	4.23	ava the elephant	YES	Kevin Harrington, Daymond John, Kevin O'Leary, Barbara Corcoran, Robert Herjavec
1	1	2009-08-09	4.23	college foxes packing boxes	NO	Kevin Harrington, Daymond John, Kevin O'Leary, Barbara Corcoran, Robert Herjavec
1	2	2009-08-16	5.72	crooked jaw	NO	Kevin Harrington, Daymond John, Kevin O'Leary, Barbara Corcoran, Robert Herjavec
1	2	2009-08-16	5.72	lifebelt	NO	Kevin Harrington, Daymond John, Kevin O'Leary, Barbara Corcoran, Robert Herjavec
1	2	2009-08-16	5.72	a perfect pear	YES	Kevin Harrington, Daymond John, Kevin O'Leary, Barbara Corcoran, Robert Herjavec
1	2	2009-08-16	5.72	sticky note holder	NO	Kevin Harrington, Daymond John, Kevin O'Leary, Barbara Corcoran, Robert Herjavec
1	2	2009-08-16	5.72	classroom jams	YES	Kevin Harrington, Daymond John, Kevin O'Leary, Barbara Corcoran, Robert Herjavec
1	3	2009-08-23	5.61	turbobaster	YES	Kevin Harrington, Daymond John, Kevin O'Leary, Barbara Corcoran, Robert Herjavec
1	3	2009-08-23	5.61	kwyzta chopstick art	NO	Kevin Harrington, Daymond John, Kevin O'Leary, Barbara Corcoran, Robert Herjavec
1	3	2009-08-23	5.61	stress free kids	YES	Kevin Harrington, Daymond John, Kevin O'Leary, Barbara Corcoran, Robert Herjavec
1	3	2009-08-23	5.61	50 state capitals deck	NO	Kevin Harrington, Daymond John, Kevin O'Leary, Barbara Corcoran, Robert Herjavec
1	3	2009-08-23	5.61	voyage air guitar	NO	Kevin Harrington, Daymond John, Kevin O'Leary, Barbara Corcoran, Robert Herjavec
1	4	2009-08-30	4.79	gift card rescue	YES	Kevin Harrington, Daymond John, Kevin O'Leary, Barbara Corcoran, Robert Herjavec
1	4	2009-08-30	4.79	soul's calling	NO	Kevin Harrington, Daymond John, Kevin O'Leary, Barbara Corcoran, Robert Herjavec
1	4	2009-08-30	4.79	coffee brand gifts	NO	Kevin Harrington, Daymond John, Kevin O'Leary, Barbara Corcoran, Robert Herjavec
1	4	2009-08-30	4.79	graffiti removal services	NO	Kevin Harrington, Daymond John, Kevin O'Leary, Barbara Corcoran, Robert Herjavec
1	4	2009-08-30	4.79	coverplay	YES	Kevin Harrington, Daymond John, Kevin O'Leary, Barbara Corcoran, Robert Herjavec
1	5	2009-09-06	3.56	body jac	YES	Kevin Harrington, Daymond John, Kevin O'Leary, Barbara Corcoran, Robert Herjavec
1	5	2009-09-06	3.56	face blok	NO	Kevin Harrington, Daymond John, Kevin O'Leary, Barbara Corcoran, Robert Herjavec
1	5	2009-09-06	3.56	granola gourmet	NO	Kevin Harrington, Daymond John, Kevin O'Leary, Barbara Corcoran, Robert Herjavec
1	5	2009-09-06	3.56	good grief celebrations	NO	Kevin Harrington, Daymond John, Kevin O'Leary, Barbara Corcoran, Robert Herjavec
1	5	2009-09-06	3.56	my therapy journal	YES	Kevin Harrington, Daymond John, Kevin O'Leary, Barbara Corcoran, Robert Herjavec
1	6	2009-09-13	4.3	element bars	YES	Kevin Harrington, Daymond John, Kevin O'Leary, Barbara Corcoran, Robert Herjavec
1	6	2009-09-13	4.3	the fizz	NO	Kevin Harrington, Daymond John, Kevin O'Leary, Barbara Corcoran, Robert Herjavec
1	6	2009-09-13	4.3	underease underwear	NO	Kevin Harrington, Daymond John, Kevin O'Leary, Barbara Corcoran, Robert Herjavec
1	6	2009-09-13	4.3	kalyx	NO	Kevin Harrington, Daymond John, Kevin O'Leary, Barbara Corcoran, Robert Herjavec
1	6	2009-09-13	4.3	pork barrel bbq	YES	Kevin Harrington, Daymond John, Kevin O'Leary, Barbara Corcoran, Robert Herjavec
1	7	2009-09-29	5.28	grill charms	YES	Kevin Harrington, Daymond John, Kevin O'Leary, Barbara Corcoran, Robert Herjavec
1	7	2009-09-29	5.28	funhouse	NO	Kevin Harrington, Daymond John, Kevin O'Leary, Barbara Corcoran, Robert Herjavec
1	7	2009-09-29	5.28	boogie box fitness	NO	Kevin Harrington, Daymond John, Kevin O'Leary, Barbara Corcoran, Robert Herjavec
1	7	2009-09-29	5.28	soy-yer-dough	YES	Kevin Harrington, Daymond John, Kevin O'Leary, Barbara Corcoran, Robert Herjavec
1	8	2009-10-06	5.15	notehall	YES	Kevin Harrington, Daymond John, Kevin O'Leary, Barbara Corcoran, Robert Herjavec
1	8	2009-10-06	5.15	treasure chest pets	YES	Kevin Harrington, Daymond John, Kevin O'Leary, Barbara Corcoran, Robert Herjavec
1	8	2009-10-06	5.15	throx	NO	Kevin Harrington, Daymond John, Kevin O'Leary, Barbara Corcoran, Robert Herjavec
1	8	2009-10-06	5.15	washed up hollywood	NO	Kevin Harrington, Daymond John, Kevin O'Leary, Barbara Corcoran, Robert Herjavec
1	9	2009-10-13	5.4	chill soda	YES	Kevin Harrington, Daymond John, Kevin O'Leary, Barbara Corcoran, Robert Herjavec
1	9	2009-10-13	5.4	cornucopia	NO	Kevin Harrington, Daymond John, Kevin O'Leary, Barbara Corcoran, Robert Herjavec
1	9	2009-10-13	5.4	virtusphere	NO	Kevin Harrington, Daymond John, Kevin O'Leary, Barbara Corcoran, Robert Herjavec
1	9	2009-10-13	5.4	gayla bentley fashion	YES	Kevin Harrington, Daymond John, Kevin O'Leary, Barbara Corcoran, Robert Herjavec
1	10	2009-10-20	5.92	the bobble place	NO	Kevin Harrington, Daymond John, Kevin O'Leary, Barbara Corcoran, Robert Herjavec
1	10	2009-10-20	5.92	mr. poncho	NO	Kevin Harrington, Daymond John, Kevin O'Leary, Barbara Corcoran, Robert Herjavec
1	10	2009-10-20	5.92	uroclub	YES	Kevin Harrington, Daymond John, Kevin O'Leary, Barbara Corcoran, Robert Herjavec
1	10	2009-10-20	5.92	jump forward	YES	Kevin Harrington, Daymond John, Kevin O'Leary, Barbara Corcoran, Robert Herjavec
1	11	2010-01-08	3.96	romp n' roll	NO	Kevin Harrington, Daymond John, Kevin O'Leary, Barbara Corcoran, Robert Herjavec
1	11	2010-01-08	3.96	hells bells	YES	Kevin Harrington, Daymond John, Kevin O'Leary, Barbara Corcoran, Robert Herjavec
1	11	2010-01-08	3.96	the twister	NO	Kevin Harrington, Daymond John, Kevin O'Leary, Barbara Corcoran, Robert Herjavec
1	11	2010-01-08	3.96	the chef in black	YES	Kevin Harrington, Daymond John, Kevin O'Leary, Barbara Corcoran, Robert Herjavec
1	11	2010-01-08	3.96	ink flip	NO	Kevin Harrington, Daymond John, Kevin O'Leary, Barbara Corcoran, Robert Herjavec
1	12	2010-01-15	4.44	the factionist	NO	Kevin Harrington, Daymond John, Kevin O'Leary, Barbara Corcoran, Robert Herjavec
1	12	2010-01-15	4.44	podillow	NO	Kevin Harrington, Daymond John, Kevin O'Leary, Barbara Corcoran, Robert Herjavec
1	12	2010-01-15	4.44	wee can shop	NO	Kevin Harrington, Daymond John, Kevin O'Leary, Barbara Corcoran, Robert Herjavec
1	12	2010-01-15	4.44	grease monkey wipes	YES	Kevin Harrington, Daymond John, Kevin O'Leary, Barbara Corcoran, Robert Herjavec
1	13	2010-01-29	4.4	lipstix remix	YES	Kevin Harrington, Daymond John, Kevin O'Leary, Barbara Corcoran, Robert Herjavec
1	13	2010-01-29	4.4	captain ice cream	NO	Kevin Harrington, Daymond John, Kevin O'Leary, Barbara Corcoran, Robert Herjavec
1	13	2010-01-29	4.4	caffeindicator	YES	Kevin Harrington, Daymond John, Kevin O'Leary, Barbara Corcoran, Robert Herjavec
1	13	2010-01-29	4.4	legal grind	NO	Kevin Harrington, Daymond John, Kevin O'Leary, Barbara Corcoran, Robert Herjavec
1	14	2010-02-05	4.65	send a ball	NO	Kevin Harrington, Daymond John, Kevin O'Leary, Barbara Corcoran, Robert Herjavec
1	14	2010-02-05	4.65	qubits	YES	Kevin Harrington, Daymond John, Kevin O'Leary, Barbara Corcoran, Robert Herjavec
1	14	2010-02-05	4.65	pillars of slippers	NO	Kevin Harrington, Daymond John, Kevin O'Leary, Barbara Corcoran, Robert Herjavec
1	14	2010-02-05	4.65	llama brew	NO	Kevin Harrington, Daymond John, Kevin O'Leary, Barbara Corcoran, Robert Herjavec
1	14	2010-02-05	4.65	nubrella	YES	Kevin Harrington, Daymond John, Kevin O'Leary, Barbara Corcoran, Robert Herjavec
2	1	2011-03-20	6.13	wurkin stiffs	YES	Mark Cuban, Daymond John, Kevin O'Leary, Barbara Corcoran, Robert Herjavec
2	1	2011-03-20	6.13	tippi toes	YES	Mark Cuban, Daymond John, Kevin O'Leary, Barbara Corcoran, Robert Herjavec
2	1	2011-03-20	6.13	cbs foods	NO	Mark Cuban, Daymond John, Kevin O'Leary, Barbara Corcoran, Robert Herjavec
2	1	2011-03-20	6.13	copa di vino	NO	Mark Cuban, Daymond John, Kevin O'Leary, Barbara Corcoran, Robert Herjavec
2	2	2011-03-25	4.64	toygaroo	YES	Mark Cuban, Daymond John, Kevin O'Leary, Barbara Corcoran, Robert Herjavec
2	2	2011-03-25	4.64	wake n' bacon	NO	Mark Cuban, Daymond John, Kevin O'Leary, Barbara Corcoran, Robert Herjavec
2	2	2011-03-25	4.64	vurtego	NO	Mark Cuban, Daymond John, Kevin O'Leary, Barbara Corcoran, Robert Herjavec
2	2	2011-03-25	4.64	first defense nasal screen	YES	Mark Cuban, Daymond John, Kevin O'Leary, Barbara Corcoran, Robert Herjavec
2	3	2011-04-01	4.87	mod mom furniture	YES	Kevin Harrington, Daymond John, Kevin O'Leary, Barbara Corcoran, Robert Herjavec
2	3	2011-04-01	4.87	fitness stride	NO	Kevin Harrington, Daymond John, Kevin O'Leary, Barbara Corcoran, Robert Herjavec
2	3	2011-04-01	4.87	flipoutz	YES	Kevin Harrington, Daymond John, Kevin O'Leary, Barbara Corcoran, Robert Herjavec
2	3	2011-04-01	4.87	pure ayre	NO	Kevin Harrington, Daymond John, Kevin O'Leary, Barbara Corcoran, Robert Herjavec
2	4	2011-04-08	4.66	ride-on carry-on	YES	Jeff Foxworthy, Daymond John, Kevin O'Leary, Barbara Corcoran, Robert Herjavec
2	4	2011-04-08	4.66	uncle zip's beef jerky	NO	Jeff Foxworthy, Daymond John, Kevin O'Leary, Barbara Corcoran, Robert Herjavec
2	4	2011-04-08	4.66	hillbilly brand	YES	Jeff Foxworthy, Daymond John, Kevin O'Leary, Barbara Corcoran, Robert Herjavec
2	4	2011-04-08	4.66	broccoli wad	YES	Jeff Foxworthy, Daymond John, Kevin O'Leary, Barbara Corcoran, Robert Herjavec
2	5	2011-04-15	5.28	fridge fronts	YES	Kevin Harrington, Daymond John, Kevin O'Leary, Barbara Corcoran, Robert Herjavec
2	5	2011-04-15	5.28	new era brands	NO	Kevin Harrington, Daymond John, Kevin O'Leary, Barbara Corcoran, Robert Herjavec
2	5	2011-04-15	5.28	thin gloss	NO	Kevin Harrington, Daymond John, Kevin O'Leary, Barbara Corcoran, Robert Herjavec
2	5	2011-04-15	5.28	lightfilm	YES	Kevin Harrington, Daymond John, Kevin O'Leary, Barbara Corcoran, Robert Herjavec
2	6	2011-04-22	4.28	hot mama gowns	NO	Kevin Harrington, Daymond John, Kevin O'Leary, Barbara Corcoran, Robert Herjavec
2	6	2011-04-22	4.28	caddy swag	NO	Kevin Harrington, Daymond John, Kevin O'Leary, Barbara Corcoran, Robert Herjavec
2	6	2011-04-22	4.28	daisy cakes	YES	Kevin Harrington, Daymond John, Kevin O'Leary, Barbara Corcoran, Robert Herjavec
2	6	2011-04-22	4.28	sweep easy	YES	Kevin Harrington, Daymond John, Kevin O'Leary, Barbara Corcoran, Robert Herjavec
2	7	2011-04-29	4.82	carsik bib	NO	Jeff Foxworthy, Daymond John, Kevin O'Leary, Barbara Corcoran, Robert Herjavec
2	7	2011-04-29	4.82	hydromax	YES	Jeff Foxworthy, Daymond John, Kevin O'Leary, Barbara Corcoran, Robert Herjavec
2	7	2011-04-29	4.82	ecomowers	NO	Jeff Foxworthy, Daymond John, Kevin O'Leary, Barbara Corcoran, Robert Herjavec
2	7	2011-04-29	4.82	games2u	NO	Jeff Foxworthy, Daymond John, Kevin O'Leary, Barbara Corcoran, Robert Herjavec
2	8	2011-05-06	4.45	origaudio	YES	Mark Cuban, Daymond John, Kevin O'Leary, Barbara Corcoran, Robert Herjavec
2	8	2011-05-06	4.45	man candle	NO	Mark Cuban, Daymond John, Kevin O'Leary, Barbara Corcoran, Robert Herjavec
2	8	2011-05-06	4.45	original runner company	NO	Mark Cuban, Daymond John, Kevin O'Leary, Barbara Corcoran, Robert Herjavec
2	8	2011-05-06	4.45	hyconn	YES	Mark Cuban, Daymond John, Kevin O'Leary, Barbara Corcoran, Robert Herjavec
2	9	2011-05-13	4.99	citikitty	YES	Kevin Harrington, Daymond John, Kevin O'Leary, Barbara Corcoran, Robert Herjavec
2	9	2011-05-13	4.99	samson martin	NO	Kevin Harrington, Daymond John, Kevin O'Leary, Barbara Corcoran, Robert Herjavec
2	9	2011-05-13	4.99	aldo orta jewelry	YES	Kevin Harrington, Daymond John, Kevin O'Leary, Barbara Corcoran, Robert Herjavec
2	9	2011-05-13	4.99	one sole	YES	Kevin Harrington, Daymond John, Kevin O'Leary, Barbara Corcoran, Robert Herjavec
3	1	2012-01-20	6.25	the clean bottle	YES	Mark Cuban, Daymond John, Kevin O'Leary, Barbara Corcoran, Robert Herjavec
3	1	2012-01-20	6.25	my wonderful life	NO	Mark Cuban, Daymond John, Kevin O'Leary, Barbara Corcoran, Robert Herjavec
3	1	2012-01-20	6.25	business ghost	NO	Mark Cuban, Daymond John, Kevin O'Leary, Barbara Corcoran, Robert Herjavec
3	1	2012-01-20	6.25	ez vip	YES	Mark Cuban, Daymond John, Kevin O'Leary, Barbara Corcoran, Robert Herjavec
3	2	2012-01-27	5.44	i want to draw a cat for you	YES	Mark Cuban, Daymond John, Kevin O'Leary, Barbara Corcoran, Robert Herjavec
3	2	2012-01-27	5.44	salespreneur	NO	Mark Cuban, Daymond John, Kevin O'Leary, Barbara Corcoran, Robert Herjavec
3	2	2012-01-27	5.44	vegas magic show	NO	Mark Cuban, Daymond John, Kevin O'Leary, Barbara Corcoran, Robert Herjavec
3	2	2012-01-27	5.44	invis-a-rack	NO	Mark Cuban, Daymond John, Kevin O'Leary, Barbara Corcoran, Robert Herjavec
3	3	2012-02-03	5.16	chord buddy	YES	Mark Cuban, Daymond John, Kevin O'Leary, Barbara Corcoran, Robert Herjavec
3	3	2012-02-03	5.16	liquid money	NO	Mark Cuban, Daymond John, Kevin O'Leary, Barbara Corcoran, Robert Herjavec
3	3	2012-02-03	5.16	tail lightz	NO	Mark Cuban, Daymond John, Kevin O'Leary, Barbara Corcoran, Robert Herjavec
3	3	2012-02-03	5.16	you smell soap	YES	Mark Cuban, Daymond John, Kevin O'Leary, Barbara Corcoran, Robert Herjavec
3	4	2012-02-10	5.89	the swilt	NO	Mark Cuban, Daymond John, Kevin O'Leary, Lori Greiner, Robert Herjavec
3	4	2012-02-10	5.89	show no	YES	Mark Cuban, Daymond John, Kevin O'Leary, Lori Greiner, Robert Herjavec
3	4	2012-02-10	5.89	puppy cake	NO	Mark Cuban, Daymond John, Kevin O'Leary, Lori Greiner, Robert Herjavec
3	4	2012-02-10	5.89	wine balloon	YES	Mark Cuban, Daymond John, Kevin O'Leary, Lori Greiner, Robert Herjavec
3	5	2012-02-17	5.69	the last lid	YES	Mark Cuban, Daymond John, Kevin O'Leary, Lori Greiner, Robert Herjavec
3	5	2012-02-17	5.69	ledge pillow	NO	Mark Cuban, Daymond John, Kevin O'Leary, Lori Greiner, Robert Herjavec
3	5	2012-02-17	5.69	talbott teas	YES	Mark Cuban, Daymond John, Kevin O'Leary, Lori Greiner, Robert Herjavec
3	5	2012-02-17	5.69	m3 girl designs	YES	Mark Cuban, Daymond John, Kevin O'Leary, Lori Greiner, Robert Herjavec
3	6	2012-02-24	5.86	five minute furniture	NO	Mark Cuban, Daymond John, Kevin O'Leary, Lori Greiner, Robert Herjavec
3	6	2012-02-24	5.86	the painted pretzel	YES	Mark Cuban, Daymond John, Kevin O'Leary, Lori Greiner, Robert Herjavec
3	6	2012-02-24	5.86	esso watches	NO	Mark Cuban, Daymond John, Kevin O'Leary, Lori Greiner, Robert Herjavec
3	6	2012-02-24	5.86	readerest specsecure	YES	Mark Cuban, Daymond John, Kevin O'Leary, Lori Greiner, Robert Herjavec
3	7	2012-03-02	5.69	kisstixx	YES	Mark Cuban, Daymond John, Kevin O'Leary, Barbara Corcoran, Robert Herjavec
3	7	2012-03-02	5.69	the smart baker	YES	Mark Cuban, Daymond John, Kevin O'Leary, Barbara Corcoran, Robert Herjavec
3	7	2012-03-02	5.69	the heat helper	NO	Mark Cuban, Daymond John, Kevin O'Leary, Barbara Corcoran, Robert Herjavec
3	7	2012-03-02	5.69	technology enabled clothing	NO	Mark Cuban, Daymond John, Kevin O'Leary, Barbara Corcoran, Robert Herjavec
3	8	2012-03-09	5.11	the original profender	NO	Mark Cuban, Daymond John, Kevin O'Leary, Barbara Corcoran, Robert Herjavec
3	8	2012-03-09	5.11	nardo's natural	YES	Mark Cuban, Daymond John, Kevin O'Leary, Barbara Corcoran, Robert Herjavec
3	8	2012-03-09	5.11	rent-a-grandma	NO	Mark Cuban, Daymond John, Kevin O'Leary, Barbara Corcoran, Robert Herjavec
3	8	2012-03-09	5.11	litter	YES	Mark Cuban, Daymond John, Kevin O'Leary, Barbara Corcoran, Robert Herjavec
3	9	2012-03-16	5.97	tower paddle boards	YES	Mark Cuban, Daymond John, Kevin O'Leary, Barbara Corcoran, Robert Herjavec
3	9	2012-03-16	5.97	instant lifts	NO	Mark Cuban, Daymond John, Kevin O'Leary, Barbara Corcoran, Robert Herjavec
3	9	2012-03-16	5.97	vinamor	NO	Mark Cuban, Daymond John, Kevin O'Leary, Barbara Corcoran, Robert Herjavec
3	9	2012-03-16	5.97	misomedia	YES	Mark Cuban, Daymond John, Kevin O'Leary, Barbara Corcoran, Robert Herjavec
3	10	2012-03-23	5.78	the ave venice	NO	Mark Cuban, Daymond John, Kevin O'Leary, Barbara Corcoran, Robert Herjavec
3	10	2012-03-23	5.78	bark'em's to go	NO	Mark Cuban, Daymond John, Kevin O'Leary, Barbara Corcoran, Robert Herjavec
3	10	2012-03-23	5.78	brewer's cow	NO	Mark Cuban, Daymond John, Kevin O'Leary, Barbara Corcoran, Robert Herjavec
3	10	2012-03-23	5.78	gogo gear	YES	Mark Cuban, Daymond John, Kevin O'Leary, Barbara Corcoran, Robert Herjavec
3	11	2012-04-13	5.49	blondies cookies	NO	Mark Cuban, Daymond John, Kevin O'Leary, Barbara Corcoran, Robert Herjavec
3	11	2012-04-13	5.49	viewsport	NO	Mark Cuban, Daymond John, Kevin O'Leary, Barbara Corcoran, Robert Herjavec
3	11	2012-04-13	5.49	the sullivan generator	NO	Mark Cuban, Daymond John, Kevin O'Leary, Barbara Corcoran, Robert Herjavec
3	11	2012-04-13	5.49	copa di vino	NO	Mark Cuban, Daymond John, Kevin O'Leary, Barbara Corcoran, Robert Herjavec
3	12	2012-04-27	5.42	nail pak	YES	Mark Cuban, Daymond John, Kevin O'Leary, Lori Greiner, Robert Herjavec
3	12	2012-04-27	5.42	debbie brooks handbags	NO	Mark Cuban, Daymond John, Kevin O'Leary, Lori Greiner, Robert Herjavec
3	12	2012-04-27	5.42	trimi tank	NO	Mark Cuban, Daymond John, Kevin O'Leary, Lori Greiner, Robert Herjavec
3	12	2012-04-27	5.42	lollacup	YES	Mark Cuban, Daymond John, Kevin O'Leary, Lori Greiner, Robert Herjavec
3	13	2012-05-04	6.06	airbedz	NO	Mark Cuban, Daymond John, Kevin O'Leary, Barbara Corcoran, Robert Herjavec
3	13	2012-05-04	6.06	skyride	NO	Mark Cuban, Daymond John, Kevin O'Leary, Barbara Corcoran, Robert Herjavec
3	13	2012-05-04	6.06	boot illusions	YES	Mark Cuban, Daymond John, Kevin O'Leary, Barbara Corcoran, Robert Herjavec
3	13	2012-05-04	6.06	villy customs	YES	Mark Cuban, Daymond John, Kevin O'Leary, Barbara Corcoran, Robert Herjavec
3	14	2012-05-11	5.59	wild squirrel nut butter	YES	Mark Cuban, Daymond John, Kevin O'Leary, Barbara Corcoran, Robert Herjavec
3	14	2012-05-11	5.59	cab20	NO	Mark Cuban, Daymond John, Kevin O'Leary, Barbara Corcoran, Robert Herjavec
3	14	2012-05-11	5.59	mix bikini	YES	Mark Cuban, Daymond John, Kevin O'Leary, Barbara Corcoran, Robert Herjavec
3	14	2012-05-11	5.59	billy blanks jr.'s dance with me	YES	Mark Cuban, Daymond John, Kevin O'Leary, Barbara Corcoran, Robert Herjavec
3	15	2012-05-18	5.52	cougar limited	NO	Mark Cuban, Daymond John, Kevin O'Leary, Barbara Corcoran, Robert Herjavec
3	15	2012-05-18	5.52	remyxx rekixx sneakers	YES	Mark Cuban, Daymond John, Kevin O'Leary, Barbara Corcoran, Robert Herjavec
3	15	2012-05-18	5.52	the nitroforce titan 1000	NO	Mark Cuban, Daymond John, Kevin O'Leary, Barbara Corcoran, Robert Herjavec
3	15	2012-05-18	5.52	unikey technologies	YES	Mark Cuban, Daymond John, Kevin O'Leary, Barbara Corcoran, Robert Herjavec
4	1	2012-09-14	6.4	coatchex	NO	Mark Cuban, Daymond John, Kevin O'Leary, Barbara Corcoran, Robert Herjavec
4	1	2012-09-14	6.4	bev buckle	YES	Mark Cuban, Daymond John, Kevin O'Leary, Barbara Corcoran, Robert Herjavec
4	1	2012-09-14	6.4	body walking	NO	Mark Cuban, Daymond John, Kevin O'Leary, Barbara Corcoran, Robert Herjavec
4	1	2012-09-14	6.4	buggy beds	YES	Mark Cuban, Daymond John, Kevin O'Leary, Barbara Corcoran, Robert Herjavec
4	2	2012-09-21	5.97	surfset fitness	YES	Mark Cuban, Daymond John, Kevin O'Leary, Barbara Corcoran, Robert Herjavec
4	2	2012-09-21	5.97	alpha m	NO	Mark Cuban, Daymond John, Kevin O'Leary, Barbara Corcoran, Robert Herjavec
4	2	2012-09-21	5.97	ecreamery	NO	Mark Cuban, Daymond John, Kevin O'Leary, Barbara Corcoran, Robert Herjavec
4	2	2012-09-21	5.97	cateapp	YES	Mark Cuban, Daymond John, Kevin O'Leary, Barbara Corcoran, Robert Herjavec
4	3	2012-09-28	6.05	liz lovely cookies	NO	Mark Cuban, Daymond John, Kevin O'Leary, Barbara Corcoran, Robert Herjavec
4	3	2012-09-28	6.05	rock bands	YES	Mark Cuban, Daymond John, Kevin O'Leary, Barbara Corcoran, Robert Herjavec
4	3	2012-09-28	6.05	fuzzibunz	NO	Mark Cuban, Daymond John, Kevin O'Leary, Barbara Corcoran, Robert Herjavec
4	3	2012-09-28	6.05	posture now	YES	Mark Cuban, Daymond John, Kevin O'Leary, Barbara Corcoran, Robert Herjavec
4	4	2012-10-05	6.15	back 9 dips	YES	Mark Cuban, Daymond John, Kevin O'Leary, Lori Greiner, Robert Herjavec
4	4	2012-10-05	6.15	lifter hamper	NO	Mark Cuban, Daymond John, Kevin O'Leary, Lori Greiner, Robert Herjavec
4	4	2012-10-05	6.15	bag bowl	YES	Mark Cuban, Daymond John, Kevin O'Leary, Lori Greiner, Robert Herjavec
4	4	2012-10-05	6.15	zomm	NO	Mark Cuban, Daymond John, Kevin O'Leary, Lori Greiner, Robert Herjavec
4	5	2012-10-12	6.48	cozy bug	YES	Mark Cuban, Daymond John, Kevin O'Leary, Lori Greiner, Robert Herjavec
4	5	2012-10-12	6.48	wired waffles	NO	Mark Cuban, Daymond John, Kevin O'Leary, Lori Greiner, Robert Herjavec
4	5	2012-10-12	6.48	spatty	NO	Mark Cuban, Daymond John, Kevin O'Leary, Lori Greiner, Robert Herjavec
4	5	2012-10-12	6.48	marz sprays	YES	Mark Cuban, Daymond John, Kevin O'Leary, Lori Greiner, Robert Herjavec
4	6	2012-10-19	7.08	cousins maine lobster	YES	Mark Cuban, Daymond John, Kevin O'Leary, Barbara Corcoran, Robert Herjavec
4	6	2012-10-19	7.08	freaker usa	NO	Mark Cuban, Daymond John, Kevin O'Leary, Barbara Corcoran, Robert Herjavec
4	6	2012-10-19	7.08	pro-nrg	YES	Mark Cuban, Daymond John, Kevin O'Leary, Barbara Corcoran, Robert Herjavec
4	6	2012-10-19	7.08	eco nuts	NO	Mark Cuban, Daymond John, Kevin O'Leary, Barbara Corcoran, Robert Herjavec
4	7	2012-10-26	6.84	scrub daddy	YES	Mark Cuban, Daymond John, Kevin O'Leary, Lori Greiner, Robert Herjavec
4	7	2012-10-26	6.84	the bear & the rat	NO	Mark Cuban, Daymond John, Kevin O'Leary, Lori Greiner, Robert Herjavec
4	7	2012-10-26	6.84	sbu	YES	Mark Cuban, Daymond John, Kevin O'Leary, Lori Greiner, Robert Herjavec
4	7	2012-10-26	6.84	shemie	NO	Mark Cuban, Daymond John, Kevin O'Leary, Lori Greiner, Robert Herjavec
4	8	2012-11-02	7.44	cool wazoo	YES	Mark Cuban, Daymond John, Kevin O'Leary, Lori Greiner, Robert Herjavec
4	8	2012-11-02	7.44	no fly cone	NO	Mark Cuban, Daymond John, Kevin O'Leary, Lori Greiner, Robert Herjavec
4	8	2012-11-02	7.44	platetopper	YES	Mark Cuban, Daymond John, Kevin O'Leary, Lori Greiner, Robert Herjavec
4	9	2012-11-09	6.69	drive suits	YES	Mark Cuban, Daymond John, Kevin O'Leary, Barbara Corcoran, Robert Herjavec
4	9	2012-11-09	6.69	pc classes online	NO	Mark Cuban, Daymond John, Kevin O'Leary, Barbara Corcoran, Robert Herjavec
4	9	2012-11-09	6.69	revestor	NO	Mark Cuban, Daymond John, Kevin O'Leary, Barbara Corcoran, Robert Herjavec
4	9	2012-11-09	6.69	ice chips	YES	Mark Cuban, Daymond John, Kevin O'Leary, Barbara Corcoran, Robert Herjavec
4	10	2012-11-16	6.82	nearly newlywed	NO	Mark Cuban, Daymond John, Kevin O'Leary, Barbara Corcoran, Robert Herjavec
4	10	2012-11-16	6.82	corks away	NO	Mark Cuban, Daymond John, Kevin O'Leary, Barbara Corcoran, Robert Herjavec
4	10	2012-11-16	6.82	tie try	NO	Mark Cuban, Daymond John, Kevin O'Leary, Barbara Corcoran, Robert Herjavec
4	10	2012-11-16	6.82	ruckpack	YES	Mark Cuban, Daymond John, Kevin O'Leary, Barbara Corcoran, Robert Herjavec
4	11	2012-12-04	6.89	the coop	YES	Mark Cuban, Daymond John, Kevin O'Leary, Barbara Corcoran, Robert Herjavec
4	11	2012-12-04	6.89	fat ass fudge	NO	Mark Cuban, Daymond John, Kevin O'Leary, Barbara Corcoran, Robert Herjavec
4	11	2012-12-04	6.89	the living christmas company	YES	Mark Cuban, Daymond John, Kevin O'Leary, Barbara Corcoran, Robert Herjavec
4	11	2012-12-04	6.89	partie poche	NO	Mark Cuban, Daymond John, Kevin O'Leary, Barbara Corcoran, Robert Herjavec
4	12	2013-01-04	6.42	the gameface company	YES	Mark Cuban, Daymond John, Kevin O'Leary, Lori Greiner, Robert Herjavec
4	12	2013-01-04	6.42	arkeg	NO	Mark Cuban, Daymond John, Kevin O'Leary, Lori Greiner, Robert Herjavec
4	12	2013-01-04	6.42	dura-tent	NO	Mark Cuban, Daymond John, Kevin O'Leary, Lori Greiner, Robert Herjavec
4	12	2013-01-04	6.42	hot tot	YES	Mark Cuban, Daymond John, Kevin O'Leary, Lori Greiner, Robert Herjavec
4	13	2013-01-11	6.87	coffee joulies	YES	Mark Cuban, Daymond John, Kevin O'Leary, Lori Greiner, Robert Herjavec
4	13	2013-01-11	6.87	teddy needs a bath	YES	Mark Cuban, Daymond John, Kevin O'Leary, Lori Greiner, Robert Herjavec
4	13	2013-01-11	6.87	sub zero ice cream	NO	Mark Cuban, Daymond John, Kevin O'Leary, Lori Greiner, Robert Herjavec
4	13	2013-01-11	6.87	urbio	YES	Mark Cuban, Daymond John, Kevin O'Leary, Lori Greiner, Robert Herjavec
4	14	2013-02-01	6.73	bibbitec	NO	Mark Cuban, Daymond John, Kevin O'Leary, Barbara Corcoran, Robert Herjavec
4	14	2013-02-01	6.73	soundbender	YES	Mark Cuban, Daymond John, Kevin O'Leary, Barbara Corcoran, Robert Herjavec
4	14	2013-02-01	6.73	cuddletunes	NO	Mark Cuban, Daymond John, Kevin O'Leary, Barbara Corcoran, Robert Herjavec
4	14	2013-02-01	6.73	xero shoes	NO	Mark Cuban, Daymond John, Kevin O'Leary, Barbara Corcoran, Robert Herjavec
4	15	2013-02-08	6.13	the green garmento	NO	Mark Cuban, Daymond John, Kevin O'Leary, Barbara Corcoran, Robert Herjavec
4	15	2013-02-08	6.13	grinds	YES	Mark Cuban, Daymond John, Kevin O'Leary, Barbara Corcoran, Robert Herjavec
4	15	2013-02-08	6.13	my cold snap	YES	Mark Cuban, Daymond John, Kevin O'Leary, Barbara Corcoran, Robert Herjavec
4	15	2013-02-08	6.13	hoodie pillow	YES	Mark Cuban, Daymond John, Kevin O'Leary, Barbara Corcoran, Robert Herjavec
4	16	2013-02-15	6.51	gotta have s'more	NO	Mark Cuban, Daymond John, Kevin O'Leary, Barbara Corcoran, Robert Herjavec
4	16	2013-02-15	6.51	how do you roll?	YES	Mark Cuban, Daymond John, Kevin O'Leary, Barbara Corcoran, Robert Herjavec
4	16	2013-02-15	6.51	pretty padded room	NO	Mark Cuban, Daymond John, Kevin O'Leary, Barbara Corcoran, Robert Herjavec
4	16	2013-02-15	6.51	smartwheel	YES	Mark Cuban, Daymond John, Kevin O'Leary, Barbara Corcoran, Robert Herjavec
4	17	2013-02-22	6.51	addison's wonderland	NO	Mark Cuban, Daymond John, Kevin O'Leary, Lori Greiner, Robert Herjavec
4	17	2013-02-22	6.51	muddy water camo	NO	Mark Cuban, Daymond John, Kevin O'Leary, Lori Greiner, Robert Herjavec
4	17	2013-02-22	6.51	hip chixs	NO	Mark Cuban, Daymond John, Kevin O'Leary, Lori Greiner, Robert Herjavec
4	17	2013-02-22	6.51	proof eyewear	NO	Mark Cuban, Daymond John, Kevin O'Leary, Lori Greiner, Robert Herjavec
4	18	2013-03-01	6.69	nuts 'n more	YES	Mark Cuban, Daymond John, Kevin O'Leary, Barbara Corcoran, Robert Herjavec
4	18	2013-03-01	6.69	psi bands	NO	Mark Cuban, Daymond John, Kevin O'Leary, Barbara Corcoran, Robert Herjavec
4	18	2013-03-01	6.69	neo innovations	NO	Mark Cuban, Daymond John, Kevin O'Leary, Barbara Corcoran, Robert Herjavec
4	18	2013-03-01	6.69	jeska shoe company	YES	Mark Cuban, Daymond John, Kevin O'Leary, Barbara Corcoran, Robert Herjavec
4	19	2013-03-08	6.89	baby loves disco	NO	Mark Cuban, Daymond John, Kevin O'Leary, Lori Greiner, Robert Herjavec
4	19	2013-03-08	6.89	lose 12 inches with any 12 workouts	YES	Mark Cuban, Daymond John, Kevin O'Leary, Lori Greiner, Robert Herjavec
4	19	2013-03-08	6.89	cellhelmet	NO	Mark Cuban, Daymond John, Kevin O'Leary, Lori Greiner, Robert Herjavec
4	19	2013-03-08	6.89	cordaroy's	YES	Mark Cuban, Daymond John, Kevin O'Leary, Lori Greiner, Robert Herjavec
4	20	2013-03-29	6.19	drop stop	YES	Mark Cuban, Daymond John, Kevin O'Leary, Lori Greiner, Robert Herjavec
4	20	2013-03-29	6.19	traditional fisheries	NO	Mark Cuban, Daymond John, Kevin O'Leary, Lori Greiner, Robert Herjavec
4	20	2013-03-29	6.19	simple sugars	YES	Mark Cuban, Daymond John, Kevin O'Leary, Lori Greiner, Robert Herjavec
4	20	2013-03-29	6.19	coolwraps	YES	Mark Cuban, Daymond John, Kevin O'Leary, Lori Greiner, Robert Herjavec
4	21	2013-04-05	7.04	liddup	YES	Mark Cuban, Daymond John, Kevin O'Leary, Lori Greiner, Robert Herjavec
4	21	2013-04-05	7.04	echo valley meats	NO	Mark Cuban, Daymond John, Kevin O'Leary, Lori Greiner, Robert Herjavec
4	21	2013-04-05	7.04	rootsuit	NO	Mark Cuban, Daymond John, Kevin O'Leary, Lori Greiner, Robert Herjavec
4	21	2013-04-05	7.04	gobie h2o	YES	Mark Cuban, Daymond John, Kevin O'Leary, Lori Greiner, Robert Herjavec
4	22	2013-04-26	6.61	shell bobbers	YES	Mark Cuban, Daymond John, Kevin O'Leary, Lori Greiner, Robert Herjavec
4	22	2013-04-26	6.61	wicked good cupcakes	YES	Mark Cuban, Daymond John, Kevin O'Leary, Lori Greiner, Robert Herjavec
4	22	2013-04-26	6.61	tremont electric	NO	Mark Cuban, Daymond John, Kevin O'Leary, Lori Greiner, Robert Herjavec
4	22	2013-04-26	6.61	the mission belt	YES	Mark Cuban, Daymond John, Kevin O'Leary, Lori Greiner, Robert Herjavec
4	23	2013-05-03	5.72	mistobox	YES	Mark Cuban, Daymond John, Kevin O'Leary, Lori Greiner, Robert Herjavec
4	23	2013-05-03	5.72	squirrel boss	NO	Mark Cuban, Daymond John, Kevin O'Leary, Lori Greiner, Robert Herjavec
4	23	2013-05-03	5.72	the vermont butcher block & board company	NO	Mark Cuban, Daymond John, Kevin O'Leary, Lori Greiner, Robert Herjavec
4	23	2013-05-03	5.72	mee-ma's louisiana gumbo brick	YES	Mark Cuban, Daymond John, Kevin O'Leary, Lori Greiner, Robert Herjavec
4	24	2013-05-10	6.25	baby's badass burgers	NO	Mark Cuban, Daymond John, Kevin O'Leary, Barbara Corcoran, Robert Herjavec
4	24	2013-05-10	6.25	track days	NO	Mark Cuban, Daymond John, Kevin O'Leary, Barbara Corcoran, Robert Herjavec
4	24	2013-05-10	6.25	kazam	YES	Mark Cuban, Daymond John, Kevin O'Leary, Barbara Corcoran, Robert Herjavec
4	24	2013-05-10	6.25	pink shutter photobooths	YES	Mark Cuban, Daymond John, Kevin O'Leary, Barbara Corcoran, Robert Herjavec
4	25	2013-05-17	5.11	jones scones	NO	Mark Cuban, Daymond John, Kevin O'Leary, Lori Greiner, Robert Herjavec
4	25	2013-05-17	5.11	lugless	NO	Mark Cuban, Daymond John, Kevin O'Leary, Lori Greiner, Robert Herjavec
4	25	2013-05-17	5.11	geek chic	YES	Mark Cuban, Daymond John, Kevin O'Leary, Lori Greiner, Robert Herjavec
4	25	2013-05-17	5.11	stella valle	YES	Mark Cuban, Daymond John, Kevin O'Leary, Lori Greiner, Robert Herjavec
4	26	2013-05-17	6.68	three day rule	NO	Mark Cuban, Daymond John, Kevin O'Leary, Barbara Corcoran, Robert Herjavec
4	26	2013-05-17	6.68	ryan's barkery	YES	Mark Cuban, Daymond John, Kevin O'Leary, Barbara Corcoran, Robert Herjavec
4	26	2013-05-17	6.68	tom + chee	YES	Mark Cuban, Daymond John, Kevin O'Leary, Barbara Corcoran, Robert Herjavec
4	26	2013-05-17	6.68	verbalizeit	YES	Mark Cuban, Daymond John, Kevin O'Leary, Barbara Corcoran, Robert Herjavec
5	1	2013-09-20	6.86	postcard on the run	YES	Mark Cuban, Barbara Corcoran, Kevin O'Leary, Lori Greiner, Robert Herjavec
5	1	2013-09-20	6.86	lynnae's gourmet pickles	NO	Mark Cuban, Barbara Corcoran, Kevin O'Leary, Lori Greiner, Robert Herjavec
5	1	2013-09-20	6.86	rolodoc	NO	Mark Cuban, Barbara Corcoran, Kevin O'Leary, Lori Greiner, Robert Herjavec
5	1	2013-09-20	6.86	sweet ballz	YES	Mark Cuban, Barbara Corcoran, Kevin O'Leary, Lori Greiner, Robert Herjavec
5	2	2013-09-27	6.94	mango mango	NO	Mark Cuban, Daymond John, Kevin O'Leary, Lori Greiner, Robert Herjavec
5	2	2013-09-27	6.94	breathometer	YES	Mark Cuban, Daymond John, Kevin O'Leary, Lori Greiner, Robert Herjavec
5	2	2013-09-27	6.94	man medals	YES	Mark Cuban, Daymond John, Kevin O'Leary, Lori Greiner, Robert Herjavec
5	2	2013-09-27	6.94	kane & couture	YES	Mark Cuban, Daymond John, Kevin O'Leary, Lori Greiner, Robert Herjavec
5	3	2013-10-04	6.45	fairytale wishes	NO	Mark Cuban, Barbara Corcoran, Kevin O'Leary, Lori Greiner, Robert Herjavec
5	3	2013-10-04	6.45	the freeloader	YES	Mark Cuban, Barbara Corcoran, Kevin O'Leary, Lori Greiner, Robert Herjavec
5	3	2013-10-04	6.45	kookn' kap	NO	Mark Cuban, Barbara Corcoran, Kevin O'Leary, Lori Greiner, Robert Herjavec
5	3	2013-10-04	6.45	rapid ramen cooker	YES	Mark Cuban, Barbara Corcoran, Kevin O'Leary, Lori Greiner, Robert Herjavec
5	4	2013-10-11	6.53	sunday night slow jams	NO	Mark Cuban, Daymond John, Kevin O'Leary, Lori Greiner, Robert Herjavec
5	4	2013-10-11	6.53	hamboards	YES	Mark Cuban, Daymond John, Kevin O'Leary, Lori Greiner, Robert Herjavec
5	4	2013-10-11	6.53	scan	NO	Mark Cuban, Daymond John, Kevin O'Leary, Lori Greiner, Robert Herjavec
5	4	2013-10-11	6.53	screenmend	YES	Mark Cuban, Daymond John, Kevin O'Leary, Lori Greiner, Robert Herjavec
5	5	2013-10-18	6.64	rufflebutts and ruggedbutts	YES	Mark Cuban, Barbara Corcoran, Kevin O'Leary, Lori Greiner, Robert Herjavec
5	5	2013-10-18	6.64	bare ease	NO	Mark Cuban, Barbara Corcoran, Kevin O'Leary, Lori Greiner, Robert Herjavec
5	5	2013-10-18	6.64	rent a goat	NO	Mark Cuban, Barbara Corcoran, Kevin O'Leary, Lori Greiner, Robert Herjavec
5	5	2013-10-18	6.64	veggie mama garden pops	YES	Mark Cuban, Barbara Corcoran, Kevin O'Leary, Lori Greiner, Robert Herjavec
5	6	2013-10-25	7.39	fiberfix	YES	Mark Cuban, Daymond John, Kevin O'Leary, Lori Greiner, Robert Herjavec
5	6	2013-10-25	7.39	elephant chat	NO	Mark Cuban, Daymond John, Kevin O'Leary, Lori Greiner, Robert Herjavec
5	6	2013-10-25	7.39	ten thirty one productions	YES	Mark Cuban, Daymond John, Kevin O'Leary, Lori Greiner, Robert Herjavec
5	6	2013-10-25	7.39	total merchant resources	YES	Mark Cuban, Daymond John, Kevin O'Leary, Lori Greiner, Robert Herjavec
5	7	2013-11-01	7.31	better life	YES	Mark Cuban, Daymond John, Kevin O'Leary, Lori Greiner, John Paul DeJoria
5	7	2013-11-01	7.31	180cup	YES	Mark Cuban, Daymond John, Kevin O'Leary, Lori Greiner, John Paul DeJoria
5	7	2013-11-01	7.31	kymera body board	NO	Mark Cuban, Daymond John, Kevin O'Leary, Lori Greiner, John Paul DeJoria
5	7	2013-11-01	7.31	tree-t-pee	YES	Mark Cuban, Daymond John, Kevin O'Leary, Lori Greiner, John Paul DeJoria
5	8	2013-11-08	7.32	schulzies bread pudding	NO	Mark Cuban, Barbara Corcoran, Kevin O'Leary, Lori Greiner, Robert Herjavec
5	8	2013-11-08	7.32	paparazzi proposals	YES	Mark Cuban, Barbara Corcoran, Kevin O'Leary, Lori Greiner, Robert Herjavec
5	8	2013-11-08	7.32	bellybuds	NO	Mark Cuban, Barbara Corcoran, Kevin O'Leary, Lori Greiner, Robert Herjavec
5	8	2013-11-08	7.32	petpaint	NO	Mark Cuban, Barbara Corcoran, Kevin O'Leary, Lori Greiner, Robert Herjavec
5	9	2013-11-15	6.48	doorbot	NO	Mark Cuban, Daymond John, Kevin O'Leary, Lori Greiner, Robert Herjavec
5	9	2013-11-15	6.48	slawsa	NO	Mark Cuban, Daymond John, Kevin O'Leary, Lori Greiner, Robert Herjavec
5	9	2013-11-15	6.48	magic moments	NO	Mark Cuban, Daymond John, Kevin O'Leary, Lori Greiner, Robert Herjavec
5	9	2013-11-15	6.48	surprise ride	NO	Mark Cuban, Daymond John, Kevin O'Leary, Lori Greiner, Robert Herjavec
5	10	2013-11-22	7.06	yubo	YES	Mark Cuban, Barbara Corcoran, Kevin O'Leary, Lori Greiner, Robert Herjavec
5	10	2013-11-22	7.06	pursecase	YES	Mark Cuban, Barbara Corcoran, Kevin O'Leary, Lori Greiner, Robert Herjavec
5	10	2013-11-22	7.06	chocomize	NO	Mark Cuban, Barbara Corcoran, Kevin O'Leary, Lori Greiner, Robert Herjavec
5	10	2013-11-22	7.06	grace and lace	YES	Mark Cuban, Barbara Corcoran, Kevin O'Leary, Lori Greiner, Robert Herjavec
5	11	2013-12-06	7.55	spirithoods	NO	Mark Cuban, Daymond John, Kevin O'Leary, Barbara Corcoran, Robert Herjavec
5	11	2013-12-06	7.55	virtuix omni	NO	Mark Cuban, Daymond John, Kevin O'Leary, Barbara Corcoran, Robert Herjavec
5	11	2013-12-06	7.55	fohawx	NO	Mark Cuban, Daymond John, Kevin O'Leary, Barbara Corcoran, Robert Herjavec
5	11	2013-12-06	7.55	de-boned baby back rib steak	YES	Mark Cuban, Daymond John, Kevin O'Leary, Barbara Corcoran, Robert Herjavec
5	12	2013-12-13	7.17	lite-netics	NO	Mark Cuban, Daymond John, Kevin O'Leary, Lori Greiner, Robert Herjavec
5	12	2013-12-13	7.17	hanukkah tree topper	YES	Mark Cuban, Daymond John, Kevin O'Leary, Lori Greiner, Robert Herjavec
5	12	2013-12-13	7.17	cashmere hair	NO	Mark Cuban, Daymond John, Kevin O'Leary, Lori Greiner, Robert Herjavec
5	12	2013-12-13	7.17	tipsy elves	YES	Mark Cuban, Daymond John, Kevin O'Leary, Lori Greiner, Robert Herjavec
5	13	2014-01-10	7.36	bounce boot camp	NO	Mark Cuban, Daymond John, Kevin O'Leary, Lori Greiner, Robert Herjavec
5	13	2014-01-10	7.36	the wall doctorx	YES	Mark Cuban, Daymond John, Kevin O'Leary, Lori Greiner, Robert Herjavec
5	13	2014-01-10	7.36	eyebloc	NO	Mark Cuban, Daymond John, Kevin O'Leary, Lori Greiner, Robert Herjavec
5	13	2014-01-10	7.36	groovebook	YES	Mark Cuban, Daymond John, Kevin O'Leary, Lori Greiner, Robert Herjavec
5	14	2014-01-17	7.44	alaska glacial mud co.	NO	Mark Cuban, Barbara Corcoran, Kevin O'Leary, Lori Greiner, Robert Herjavec
5	14	2014-01-17	7.44	invisiplug	YES	Mark Cuban, Barbara Corcoran, Kevin O'Leary, Lori Greiner, Robert Herjavec
5	14	2014-01-17	7.44	lockerbones	YES	Mark Cuban, Barbara Corcoran, Kevin O'Leary, Lori Greiner, Robert Herjavec
5	14	2014-01-17	7.44	balloon distractions	NO	Mark Cuban, Barbara Corcoran, Kevin O'Leary, Lori Greiner, Robert Herjavec
5	15	2014-01-24	8.18	swimzip	YES	Mark Cuban, Daymond John, Kevin O'Leary, Lori Greiner, Robert Herjavec
5	15	2014-01-24	8.18	fitdeck	NO	Mark Cuban, Daymond John, Kevin O'Leary, Lori Greiner, Robert Herjavec
5	15	2014-01-24	8.18	lifecaps	NO	Mark Cuban, Daymond John, Kevin O'Leary, Lori Greiner, Robert Herjavec
5	15	2014-01-24	8.18	freshly picked	YES	Mark Cuban, Daymond John, Kevin O'Leary, Lori Greiner, Robert Herjavec
5	16	2014-01-31	7.49	cow wow cereal milk	NO	Mark Cuban, Daymond John, Kevin O'Leary, Lori Greiner, Steve Tisch
5	16	2014-01-31	7.49	the cookie dough cafe	YES	Mark Cuban, Daymond John, Kevin O'Leary, Lori Greiner, Steve Tisch
5	16	2014-01-31	7.49	nexersys	NO	Mark Cuban, Daymond John, Kevin O'Leary, Lori Greiner, Steve Tisch
5	16	2014-01-31	7.49	cycloramic	YES	Mark Cuban, Daymond John, Kevin O'Leary, Lori Greiner, Steve Tisch
5	17	2014-02-21	6.21	moberi	NO	Mark Cuban, Daymond John, Kevin O'Leary, Barbara Corcoran, Robert Herjavec
5	17	2014-02-21	6.21	spy escape and evasion	YES	Mark Cuban, Daymond John, Kevin O'Leary, Barbara Corcoran, Robert Herjavec
5	17	2014-02-21	6.21	ddp yoga	NO	Mark Cuban, Daymond John, Kevin O'Leary, Barbara Corcoran, Robert Herjavec
5	17	2014-02-21	6.21	southern culture artisan foods	YES	Mark Cuban, Daymond John, Kevin O'Leary, Barbara Corcoran, Robert Herjavec
5	18	2014-02-28	7.79	cheek'd	NO	Mark Cuban, Barbara Corcoran, Kevin O'Leary, Lori Greiner, Robert Herjavec
5	18	2014-02-28	7.79	zipit	NO	Mark Cuban, Barbara Corcoran, Kevin O'Leary, Lori Greiner, Robert Herjavec
5	18	2014-02-28	7.79	bambooee	YES	Mark Cuban, Barbara Corcoran, Kevin O'Leary, Lori Greiner, Robert Herjavec
5	18	2014-02-28	7.79	buzzy4shots	NO	Mark Cuban, Barbara Corcoran, Kevin O'Leary, Lori Greiner, Robert Herjavec
5	19	2014-03-07	7.69	revolights	YES	Mark Cuban, Daymond John, Kevin O'Leary, Lori Greiner, Robert Herjavec
5	19	2014-03-07	7.69	squeeky knees	NO	Mark Cuban, Daymond John, Kevin O'Leary, Lori Greiner, Robert Herjavec
5	19	2014-03-07	7.69	the buffer bit	NO	Mark Cuban, Daymond John, Kevin O'Leary, Lori Greiner, Robert Herjavec
5	19	2014-03-07	7.69	u-lace	YES	Mark Cuban, Daymond John, Kevin O'Leary, Lori Greiner, Robert Herjavec
5	20	2014-03-14	7.49	define bottle	NO	Mark Cuban, Barbara Corcoran, Kevin O'Leary, Lori Greiner, Robert Herjavec
5	20	2014-03-14	7.49	iretron	YES	Mark Cuban, Barbara Corcoran, Kevin O'Leary, Lori Greiner, Robert Herjavec
5	20	2014-03-14	7.49	boo boo goo	YES	Mark Cuban, Barbara Corcoran, Kevin O'Leary, Lori Greiner, Robert Herjavec
5	20	2014-03-14	7.49	henry's humdingers	YES	Mark Cuban, Barbara Corcoran, Kevin O'Leary, Lori Greiner, Robert Herjavec
5	21	2014-03-21	8.29	chapul	YES	Mark Cuban, Daymond John, Kevin O'Leary, Barbara Corcoran, Robert Herjavec
5	21	2014-03-21	8.29	garage door lock	YES	Mark Cuban, Daymond John, Kevin O'Leary, Barbara Corcoran, Robert Herjavec
5	21	2014-03-21	8.29	morninghead	NO	Mark Cuban, Daymond John, Kevin O'Leary, Barbara Corcoran, Robert Herjavec
5	21	2014-03-21	8.29	packback books	YES	Mark Cuban, Daymond John, Kevin O'Leary, Barbara Corcoran, Robert Herjavec
5	22	2014-04-04	7.49	kodiak cakes	NO	Mark Cuban, Barbara Corcoran, Kevin O'Leary, Lori Greiner, Robert Herjavec
5	22	2014-04-04	7.49	monkey mat	YES	Mark Cuban, Barbara Corcoran, Kevin O'Leary, Lori Greiner, Robert Herjavec
5	22	2014-04-04	7.49	plated	YES	Mark Cuban, Barbara Corcoran, Kevin O'Leary, Lori Greiner, Robert Herjavec
5	22	2014-04-04	7.49	the paint brush cover	YES	Mark Cuban, Barbara Corcoran, Kevin O'Leary, Lori Greiner, Robert Herjavec
5	23	2014-04-10	6.85	velocity signs	YES	Mark Cuban, Barbara Corcoran, Kevin O'Leary, Lori Greiner, Robert Herjavec
5	23	2014-04-10	6.85	lord nut levington	NO	Mark Cuban, Barbara Corcoran, Kevin O'Leary, Lori Greiner, Robert Herjavec
5	23	2014-04-10	6.85	happy feet	YES	Mark Cuban, Barbara Corcoran, Kevin O'Leary, Lori Greiner, Robert Herjavec
5	23	2014-04-10	6.85	hold your haunches	YES	Mark Cuban, Barbara Corcoran, Kevin O'Leary, Lori Greiner, Robert Herjavec
5	24	2014-04-11	6.95	taylor robinson music	NO	Mark Cuban, Daymond John, Kevin O'Leary, Lori Greiner, Robert Herjavec
5	24	2014-04-11	6.95	powerpot	YES	Mark Cuban, Daymond John, Kevin O'Leary, Lori Greiner, Robert Herjavec
5	24	2014-04-11	6.95	fun time express	YES	Mark Cuban, Daymond John, Kevin O'Leary, Lori Greiner, Robert Herjavec
5	24	2014-04-11	6.95	quickstop fire sprinkler tools	NO	Mark Cuban, Daymond John, Kevin O'Leary, Lori Greiner, Robert Herjavec
5	25	2014-04-18	6.77	ilumi	YES	Mark Cuban, Barbara Corcoran, Kevin O'Leary, Lori Greiner, Robert Herjavec
5	25	2014-04-18	6.77	zoobean	YES	Mark Cuban, Barbara Corcoran, Kevin O'Leary, Lori Greiner, Robert Herjavec
5	25	2014-04-18	6.77	intelli-stopper technology	NO	Mark Cuban, Barbara Corcoran, Kevin O'Leary, Lori Greiner, Robert Herjavec
5	25	2014-04-18	6.77	fort magic	NO	Mark Cuban, Barbara Corcoran, Kevin O'Leary, Lori Greiner, Robert Herjavec
5	26	2014-04-25	7.11	crio	NO	Mark Cuban, Daymond John, Kevin O'Leary, Barbara Corcoran, Robert Herjavec
5	26	2014-04-25	7.11	rugged maniac	YES	Mark Cuban, Daymond John, Kevin O'Leary, Barbara Corcoran, Robert Herjavec
5	26	2014-04-25	7.11	cerebral success	YES	Mark Cuban, Daymond John, Kevin O'Leary, Barbara Corcoran, Robert Herjavec
5	26	2014-04-25	7.11	mo's bows	NO	Mark Cuban, Daymond John, Kevin O'Leary, Barbara Corcoran, Robert Herjavec
5	27	2014-05-02	8.33	the bouqs company	NO	Mark Cuban, Barbara Corcoran, Kevin O'Leary, Lori Greiner, Robert Herjavec
5	27	2014-05-02	8.33	angellift	YES	Mark Cuban, Barbara Corcoran, Kevin O'Leary, Lori Greiner, Robert Herjavec
5	27	2014-05-02	8.33	hangease	YES	Mark Cuban, Barbara Corcoran, Kevin O'Leary, Lori Greiner, Robert Herjavec
5	27	2014-05-02	8.33	susty party	NO	Mark Cuban, Barbara Corcoran, Kevin O'Leary, Lori Greiner, Robert Herjavec
5	28	2014-05-09	7.4	oru kayak	YES	Mark Cuban, Daymond John, Kevin O'Leary, Barbara Corcoran, Robert Herjavec
5	28	2014-05-09	7.4	bon affair	YES	Mark Cuban, Daymond John, Kevin O'Leary, Barbara Corcoran, Robert Herjavec
5	28	2014-05-09	7.4	hargitt marine services	NO	Mark Cuban, Daymond John, Kevin O'Leary, Barbara Corcoran, Robert Herjavec
5	28	2014-05-09	7.4	cinnaholic	YES	Mark Cuban, Daymond John, Kevin O'Leary, Barbara Corcoran, Robert Herjavec
5	29	2014-05-16	6.74	baker's edge	NO	Mark Cuban, Barbara Corcoran, Kevin O'Leary, Lori Greiner, Robert Herjavec
5	29	2014-05-16	6.74	foot fairy	YES	Mark Cuban, Barbara Corcoran, Kevin O'Leary, Lori Greiner, Robert Herjavec
5	29	2014-05-16	6.74	tie-not	NO	Mark Cuban, Barbara Corcoran, Kevin O'Leary, Lori Greiner, Robert Herjavec
5	29	2014-05-16	6.74	bzbox	YES	Mark Cuban, Barbara Corcoran, Kevin O'Leary, Lori Greiner, Robert Herjavec
6	1	2014-09-26	7.45	sleeping baby	YES	Mark Cuban, Daymond John, Kevin O'Leary, Lori Greiner, Robert Herjavec
6	1	2014-09-26	7.45	hammer & nails	NO	Mark Cuban, Daymond John, Kevin O'Leary, Lori Greiner, Robert Herjavec
6	1	2014-09-26	7.45	amber	NO	Mark Cuban, Daymond John, Kevin O'Leary, Lori Greiner, Robert Herjavec
6	1	2014-09-26	7.45	bombas	YES	Mark Cuban, Daymond John, Kevin O'Leary, Lori Greiner, Robert Herjavec
6	2	2014-09-26	7.45	roominate	YES	Mark Cuban, Barbara Corcoran, Kevin O'Leary, Lori Greiner, Robert Herjavec
6	2	2014-09-26	7.45	the floating mug co.	NO	Mark Cuban, Barbara Corcoran, Kevin O'Leary, Lori Greiner, Robert Herjavec
6	2	2014-09-26	7.45	wedding wagon	NO	Mark Cuban, Barbara Corcoran, Kevin O'Leary, Lori Greiner, Robert Herjavec
6	2	2014-09-26	7.45	kronos	YES	Mark Cuban, Barbara Corcoran, Kevin O'Leary, Lori Greiner, Robert Herjavec
6	3	2014-10-03	7.29	soapsox	NO	Mark Cuban, Daymond John, Kevin O'Leary, Lori Greiner, Robert Herjavec
6	3	2014-10-03	7.29	heart pup	YES	Mark Cuban, Daymond John, Kevin O'Leary, Lori Greiner, Robert Herjavec
6	3	2014-10-03	7.29	ninja cards	NO	Mark Cuban, Daymond John, Kevin O'Leary, Lori Greiner, Robert Herjavec
6	3	2014-10-03	7.29	drumpants	NO	Mark Cuban, Daymond John, Kevin O'Leary, Lori Greiner, Robert Herjavec
6	4	2014-10-10	7.34	funcakes rental	NO	Mark Cuban, Barbara Corcoran, Kevin O'Leary, Lori Greiner, Robert Herjavec
6	4	2014-10-10	7.34	paper box pilots	YES	Mark Cuban, Barbara Corcoran, Kevin O'Leary, Lori Greiner, Robert Herjavec
6	4	2014-10-10	7.34	table jacks	NO	Mark Cuban, Barbara Corcoran, Kevin O'Leary, Lori Greiner, Robert Herjavec
6	4	2014-10-10	7.34	reviver	YES	Mark Cuban, Barbara Corcoran, Kevin O'Leary, Lori Greiner, Robert Herjavec
6	5	2014-10-17	7.32	jungle jumparoo	NO	Mark Cuban, Daymond John, Kevin O'Leary, Lori Greiner, Robert Herjavec
6	5	2014-10-17	7.32	the caddy girls	NO	Mark Cuban, Daymond John, Kevin O'Leary, Lori Greiner, Robert Herjavec
6	5	2014-10-17	7.32	the red dress boutique	YES	Mark Cuban, Daymond John, Kevin O'Leary, Lori Greiner, Robert Herjavec
6	5	2014-10-17	7.32	sunstaches	YES	Mark Cuban, Daymond John, Kevin O'Leary, Lori Greiner, Robert Herjavec
6	6	2014-10-24	6.89	oilerie usa	NO	Mark Cuban, Barbara Corcoran, Kevin O'Leary, Lori Greiner, Robert Herjavec
6	6	2014-10-24	6.89	honeyfund	YES	Mark Cuban, Barbara Corcoran, Kevin O'Leary, Lori Greiner, Robert Herjavec
6	6	2014-10-24	6.89	emergensee	NO	Mark Cuban, Barbara Corcoran, Kevin O'Leary, Lori Greiner, Robert Herjavec
6	6	2014-10-24	6.89	beatbox beverages	YES	Mark Cuban, Barbara Corcoran, Kevin O'Leary, Lori Greiner, Robert Herjavec
6	7	2014-10-31	7.8	titin	YES	Mark Cuban, Daymond John, Kevin O'Leary, Lori Greiner, Robert Herjavec
6	7	2014-10-31	7.8	beardbrand	NO	Mark Cuban, Daymond John, Kevin O'Leary, Lori Greiner, Robert Herjavec
6	7	2014-10-31	7.8	singtrix	NO	Mark Cuban, Daymond John, Kevin O'Leary, Lori Greiner, Robert Herjavec
6	7	2014-10-31	7.8	myself belts	YES	Mark Cuban, Daymond John, Kevin O'Leary, Lori Greiner, Robert Herjavec
6	8	2014-11-07	7.8	the natural grip	YES	Mark Cuban, Daymond John, Kevin O'Leary, Lori Greiner, Robert Herjavec
6	8	2014-11-07	7.8	priority one canine	NO	Mark Cuban, Daymond John, Kevin O'Leary, Lori Greiner, Robert Herjavec
6	8	2014-11-07	7.8	man-pack	NO	Mark Cuban, Daymond John, Kevin O'Leary, Lori Greiner, Robert Herjavec
6	8	2014-11-07	7.8	bottle breacher	YES	Mark Cuban, Daymond John, Kevin O'Leary, Lori Greiner, Robert Herjavec
6	9	2014-11-14	7.63	storm stoppers	NO	Mark Cuban, Barbara Corcoran, Kevin O'Leary, Lori Greiner, Robert Herjavec
6	9	2014-11-14	7.63	pipsnacks	YES	Mark Cuban, Barbara Corcoran, Kevin O'Leary, Lori Greiner, Robert Herjavec
6	9	2014-11-14	7.63	squatty potty	YES	Mark Cuban, Barbara Corcoran, Kevin O'Leary, Lori Greiner, Robert Herjavec
6	9	2014-11-14	7.63	heidi ho	YES	Mark Cuban, Barbara Corcoran, Kevin O'Leary, Lori Greiner, Robert Herjavec
6	10	2014-11-21	7.91	kitchen safe	YES	Mark Cuban, Daymond John, Kevin O'Leary, Lori Greiner, Nick Woodman
6	10	2014-11-21	7.91	off the cob	NO	Mark Cuban, Daymond John, Kevin O'Leary, Lori Greiner, Nick Woodman
6	10	2014-11-21	7.91	magiccook	YES	Mark Cuban, Daymond John, Kevin O'Leary, Lori Greiner, Nick Woodman
6	10	2014-11-21	7.91	earth log	YES	Mark Cuban, Daymond John, Kevin O'Leary, Lori Greiner, Nick Woodman
6	11	2014-12-05	7.22	biaggi	YES	Mark Cuban, Daymond John, Kevin O'Leary, Lori Greiner, Robert Herjavec
6	11	2014-12-05	7.22	swag essentials	NO	Mark Cuban, Daymond John, Kevin O'Leary, Lori Greiner, Robert Herjavec
6	11	2014-12-05	7.22	gameday couture	YES	Mark Cuban, Daymond John, Kevin O'Leary, Lori Greiner, Robert Herjavec
6	11	2014-12-05	7.22	zipz	YES	Mark Cuban, Daymond John, Kevin O'Leary, Lori Greiner, Robert Herjavec
6	12	2014-12-12	7.04	the mensch on a bench	YES	Mark Cuban, Barbara Corcoran, Kevin O'Leary, Lori Greiner, Robert Herjavec
6	12	2014-12-12	7.04	eve drop	NO	Mark Cuban, Barbara Corcoran, Kevin O'Leary, Lori Greiner, Robert Herjavec
6	12	2014-12-12	7.04	q-flex	YES	Mark Cuban, Barbara Corcoran, Kevin O'Leary, Lori Greiner, Robert Herjavec
6	12	2014-12-12	7.04	hoppy paws	YES	Mark Cuban, Barbara Corcoran, Kevin O'Leary, Lori Greiner, Robert Herjavec
6	13	2015-01-09	7.73	coffee meets bagel	NO	Mark Cuban, Barbara Corcoran, Kevin O'Leary, Lori Greiner, Robert Herjavec
6	13	2015-01-09	7.73	skinnyshirt	NO	Mark Cuban, Barbara Corcoran, Kevin O'Leary, Lori Greiner, Robert Herjavec
6	13	2015-01-09	7.73	doorman	YES	Mark Cuban, Barbara Corcoran, Kevin O'Leary, Lori Greiner, Robert Herjavec
6	13	2015-01-09	7.73	bantam bagels	YES	Mark Cuban, Barbara Corcoran, Kevin O'Leary, Lori Greiner, Robert Herjavec
6	14	2015-01-13	7.48	scratch & grain baking co.	YES	Mark Cuban, Barbara Corcoran, Kevin O'Leary, Lori Greiner, Robert Herjavec
6	14	2015-01-13	7.48	bottle bright	YES	Mark Cuban, Barbara Corcoran, Kevin O'Leary, Lori Greiner, Robert Herjavec
6	14	2015-01-13	7.48	vestpakz	NO	Mark Cuban, Barbara Corcoran, Kevin O'Leary, Lori Greiner, Robert Herjavec
6	14	2015-01-13	7.48	evrewares	YES	Mark Cuban, Barbara Corcoran, Kevin O'Leary, Lori Greiner, Robert Herjavec
6	15	2015-01-16	8.64	lumio	YES	Mark Cuban, Daymond John, Kevin O'Leary, Lori Greiner, Robert Herjavec
6	15	2015-01-16	8.64	napwell	NO	Mark Cuban, Daymond John, Kevin O'Leary, Lori Greiner, Robert Herjavec
6	15	2015-01-16	8.64	turbopup	YES	Mark Cuban, Daymond John, Kevin O'Leary, Lori Greiner, Robert Herjavec
6	15	2015-01-16	8.64	bello verde	NO	Mark Cuban, Daymond John, Kevin O'Leary, Lori Greiner, Robert Herjavec
6	16	2015-01-30	7.93	victoria's kitchen	NO	Mark Cuban, Barbara Corcoran, Kevin O'Leary, Lori Greiner, Robert Herjavec
6	16	2015-01-30	7.93	greenbox	YES	Mark Cuban, Barbara Corcoran, Kevin O'Leary, Lori Greiner, Robert Herjavec
6	16	2015-01-30	7.93	tycoon real estate	NO	Mark Cuban, Barbara Corcoran, Kevin O'Leary, Lori Greiner, Robert Herjavec
6	16	2015-01-30	7.93	phonesoap	YES	Mark Cuban, Barbara Corcoran, Kevin O'Leary, Lori Greiner, Robert Herjavec
6	17	2015-02-03	7.14	fresh patch	YES	Mark Cuban, Barbara Corcoran, Kevin O'Leary, Lori Greiner, Robert Herjavec
6	17	2015-02-03	7.14	balm chicky balm balm	NO	Mark Cuban, Barbara Corcoran, Kevin O'Leary, Lori Greiner, Robert Herjavec
6	17	2015-02-03	7.14	drain strain	YES	Mark Cuban, Barbara Corcoran, Kevin O'Leary, Lori Greiner, Robert Herjavec
6	17	2015-02-03	7.14	bedjet	NO	Mark Cuban, Barbara Corcoran, Kevin O'Leary, Lori Greiner, Robert Herjavec
6	18	2015-02-06	7.68	himalayan dog chew	NO	Mark Cuban, Daymond John, Kevin O'Leary, Lori Greiner, Robert Herjavec
6	18	2015-02-06	7.68	the lip bar	NO	Mark Cuban, Daymond John, Kevin O'Leary, Lori Greiner, Robert Herjavec
6	18	2015-02-06	7.68	beverageboy	YES	Mark Cuban, Daymond John, Kevin O'Leary, Lori Greiner, Robert Herjavec
6	18	2015-02-06	7.68	funbites	YES	Mark Cuban, Daymond John, Kevin O'Leary, Lori Greiner, Robert Herjavec
6	19	2015-02-13	7.73	sseko designs	NO	Mark Cuban, Barbara Corcoran, Kevin O'Leary, Lori Greiner, Robert Herjavec
6	19	2015-02-13	7.73	gold rush nugget bucket	YES	Mark Cuban, Barbara Corcoran, Kevin O'Leary, Lori Greiner, Robert Herjavec
6	19	2015-02-13	7.73	boobypack	YES	Mark Cuban, Barbara Corcoran, Kevin O'Leary, Lori Greiner, Robert Herjavec
6	19	2015-02-13	7.73	lumi	NO	Mark Cuban, Barbara Corcoran, Kevin O'Leary, Lori Greiner, Robert Herjavec
6	20	2015-02-20	8.43	luminaid	YES	Mark Cuban, Daymond John, Kevin O'Leary, Lori Greiner, Robert Herjavec
6	20	2015-02-20	8.43	taaluma totes	NO	Mark Cuban, Daymond John, Kevin O'Leary, Lori Greiner, Robert Herjavec
6	20	2015-02-20	8.43	keen home	YES	Mark Cuban, Daymond John, Kevin O'Leary, Lori Greiner, Robert Herjavec
6	20	2015-02-20	8.43	scholly	YES	Mark Cuban, Daymond John, Kevin O'Leary, Lori Greiner, Robert Herjavec
6	21	2015-03-06	8.21	coco jack	YES	Mark Cuban, Barbara Corcoran, Kevin O'Leary, Lori Greiner, Robert Herjavec
6	21	2015-03-06	8.21	bedryder	NO	Mark Cuban, Barbara Corcoran, Kevin O'Leary, Lori Greiner, Robert Herjavec
6	21	2015-03-06	8.21	frill clothing	YES	Mark Cuban, Barbara Corcoran, Kevin O'Leary, Lori Greiner, Robert Herjavec
6	21	2015-03-06	8.21	the twin z pillow	YES	Mark Cuban, Barbara Corcoran, Kevin O'Leary, Lori Greiner, Robert Herjavec
6	22	2015-03-13	7.24	echo valley meats	YES	Mark Cuban, Daymond John, Kevin O'Leary, Lori Greiner, Robert Herjavec
6	22	2015-03-13	7.24	emazinglights	YES	Mark Cuban, Daymond John, Kevin O'Leary, Lori Greiner, Robert Herjavec
6	22	2015-03-13	7.24	aqua vault	YES	Mark Cuban, Daymond John, Kevin O'Leary, Lori Greiner, Robert Herjavec
6	22	2015-03-13	7.24	naja	YES	Mark Cuban, Daymond John, Kevin O'Leary, Lori Greiner, Robert Herjavec
6	23	2015-03-20	7.5	beesweet lemonade	YES	Mark Cuban, Daymond John, Kevin O'Leary, Lori Greiner, Robert Herjavec
6	23	2015-03-20	7.5	brandyourself	NO	Mark Cuban, Daymond John, Kevin O'Leary, Lori Greiner, Robert Herjavec
6	23	2015-03-20	7.5	icpooch	NO	Mark Cuban, Daymond John, Kevin O'Leary, Lori Greiner, Robert Herjavec
6	23	2015-03-20	7.5	the home t	NO	Mark Cuban, Daymond John, Kevin O'Leary, Lori Greiner, Robert Herjavec
6	24	2015-04-10	6.65	budsies	NO	Mark Cuban, Daymond John, Kevin O'Leary, Lori Greiner, Robert Herjavec
6	24	2015-04-10	6.65	bee thinking	NO	Mark Cuban, Daymond John, Kevin O'Leary, Lori Greiner, Robert Herjavec
6	24	2015-04-10	6.65	pullypalz	YES	Mark Cuban, Daymond John, Kevin O'Leary, Lori Greiner, Robert Herjavec
6	24	2015-04-10	6.65	forus athletics	NO	Mark Cuban, Daymond John, Kevin O'Leary, Lori Greiner, Robert Herjavec
6	25	2015-04-17	6.51	neatcheeks	YES	Mark Cuban, Barbara Corcoran, Kevin O'Leary, Lori Greiner, Robert Herjavec
6	25	2015-04-17	6.51	melni connectors	YES	Mark Cuban, Barbara Corcoran, Kevin O'Leary, Lori Greiner, Robert Herjavec
6	25	2015-04-17	6.51	beneath the ink	NO	Mark Cuban, Barbara Corcoran, Kevin O'Leary, Lori Greiner, Robert Herjavec
6	25	2015-04-17	6.51	pittmoss	YES	Mark Cuban, Barbara Corcoran, Kevin O'Leary, Lori Greiner, Robert Herjavec
6	26	2015-04-24	7.94	zinepak	YES	Mark Cuban, Daymond John, Kevin O'Leary, Lori Greiner, Robert Herjavec
6	26	2015-04-24	7.94	snagastool	NO	Mark Cuban, Daymond John, Kevin O'Leary, Lori Greiner, Robert Herjavec
6	26	2015-04-24	7.94	buck mason	NO	Mark Cuban, Daymond John, Kevin O'Leary, Lori Greiner, Robert Herjavec
6	26	2015-04-24	7.94	noene usa	YES	Mark Cuban, Daymond John, Kevin O'Leary, Lori Greiner, Robert Herjavec
6	27	2015-05-01	7.07	zero pollution motors	YES	Mark Cuban, Daymond John, Kevin O'Leary, Lori Greiner, Robert Herjavec
6	27	2015-05-01	7.07	the paleo diet foods	NO	Mark Cuban, Daymond John, Kevin O'Leary, Lori Greiner, Robert Herjavec
6	27	2015-05-01	7.07	world record striper company	YES	Mark Cuban, Daymond John, Kevin O'Leary, Lori Greiner, Robert Herjavec
6	27	2015-05-01	7.07	frameri	NO	Mark Cuban, Daymond John, Kevin O'Leary, Lori Greiner, Robert Herjavec
6	28	2015-05-08	6.68	zoom interiors	YES	Mark Cuban, Barbara Corcoran, Kevin O'Leary, Lori Greiner, Robert Herjavec
6	28	2015-05-08	6.68	sunscreen mist	NO	Mark Cuban, Barbara Corcoran, Kevin O'Leary, Lori Greiner, Robert Herjavec
6	28	2015-05-08	6.68	syndaver labs	YES	Mark Cuban, Barbara Corcoran, Kevin O'Leary, Lori Greiner, Robert Herjavec
6	28	2015-05-08	6.68	you kick ass	YES	Mark Cuban, Barbara Corcoran, Kevin O'Leary, Lori Greiner, Robert Herjavec
6	29	2015-05-15	7.04	shark wheel	YES	Mark Cuban, Daymond John, Kevin O'Leary, Lori Greiner, Nick Woodman
6	29	2015-05-15	7.04	gato cafe	NO	Mark Cuban, Daymond John, Kevin O'Leary, Lori Greiner, Nick Woodman
6	29	2015-05-15	7.04	sway motorsports	YES	Mark Cuban, Daymond John, Kevin O'Leary, Lori Greiner, Nick Woodman
6	29	2015-05-15	7.04	spikeball	YES	Mark Cuban, Daymond John, Kevin O'Leary, Lori Greiner, Nick Woodman
7	1	2015-09-25	6.08	the beebo	YES	Mark Cuban, Ashton Kutcher, Kevin O'Leary, Lori Greiner, Robert Herjavec
7	1	2015-09-25	6.08	acton	NO	Mark Cuban, Ashton Kutcher, Kevin O'Leary, Lori Greiner, Robert Herjavec
7	1	2015-09-25	6.08	mcclary bros. drinking vinegars	NO	Mark Cuban, Ashton Kutcher, Kevin O'Leary, Lori Greiner, Robert Herjavec
7	1	2015-09-25	6.08	signalvault	YES	Mark Cuban, Ashton Kutcher, Kevin O'Leary, Lori Greiner, Robert Herjavec
7	2	2015-10-02	6.82	o'dang hummus	YES	Mark Cuban, Barbara Corcoran, Kevin O'Leary, Lori Greiner, Robert Herjavec
7	2	2015-10-02	6.82	splikity	NO	Mark Cuban, Barbara Corcoran, Kevin O'Leary, Lori Greiner, Robert Herjavec
7	2	2015-10-02	6.82	mikki bey eyelash extensions	NO	Mark Cuban, Barbara Corcoran, Kevin O'Leary, Lori Greiner, Robert Herjavec
7	2	2015-10-02	6.82	loliware	YES	Mark Cuban, Barbara Corcoran, Kevin O'Leary, Lori Greiner, Robert Herjavec
7	3	2015-10-09	5.84	foot cardigan	YES	Mark Cuban, Daymond John, Kevin O'Leary, Lori Greiner, Troy Carter
7	3	2015-10-09	5.84	valpark	NO	Mark Cuban, Daymond John, Kevin O'Leary, Lori Greiner, Troy Carter
7	3	2015-10-09	5.84	the two guys bowtie company	YES	Mark Cuban, Daymond John, Kevin O'Leary, Lori Greiner, Troy Carter
7	3	2015-10-09	5.84	nerdwax	NO	Mark Cuban, Daymond John, Kevin O'Leary, Lori Greiner, Troy Carter
7	4	2015-10-16	5.85	table 87 coal oven pizza	YES	Mark Cuban, Barbara Corcoran, Kevin O'Leary, Lori Greiner, Robert Herjavec
7	4	2015-10-16	5.85	ez-pee-z	NO	Mark Cuban, Barbara Corcoran, Kevin O'Leary, Lori Greiner, Robert Herjavec
7	4	2015-10-16	5.85	milk + brookies	NO	Mark Cuban, Barbara Corcoran, Kevin O'Leary, Lori Greiner, Robert Herjavec
7	4	2015-10-16	5.85	dude products	YES	Mark Cuban, Barbara Corcoran, Kevin O'Leary, Lori Greiner, Robert Herjavec
7	5	2015-10-23	6.36	three jerks jerky	YES	Mark Cuban, Daymond John, Kevin O'Leary, Lori Greiner, Robert Herjavec
7	5	2015-10-23	6.36	the skinny mirror	NO	Mark Cuban, Daymond John, Kevin O'Leary, Lori Greiner, Robert Herjavec
7	5	2015-10-23	6.36	switch witch	NO	Mark Cuban, Daymond John, Kevin O'Leary, Lori Greiner, Robert Herjavec
7	5	2015-10-23	6.36	xcraft	YES	Mark Cuban, Daymond John, Kevin O'Leary, Lori Greiner, Robert Herjavec
7	6	2015-10-30	6.16	rent like a champion	YES	Mark Cuban, Chris Sacca, Kevin O'Leary, Lori Greiner, Robert Herjavec
7	6	2015-10-30	6.16	hotshot	NO	Mark Cuban, Chris Sacca, Kevin O'Leary, Lori Greiner, Robert Herjavec
7	6	2015-10-30	6.16	windcatcher technology	YES	Mark Cuban, Chris Sacca, Kevin O'Leary, Lori Greiner, Robert Herjavec
7	6	2015-10-30	6.16	stem center usa	YES	Mark Cuban, Chris Sacca, Kevin O'Leary, Lori Greiner, Robert Herjavec
7	7	2015-11-06	6.71	wink frozen desserts	NO	Mark Cuban, Barbara Corcoran, Kevin O'Leary, Lori Greiner, Robert Herjavec
7	7	2015-11-06	6.71	saavy naturals	YES	Mark Cuban, Barbara Corcoran, Kevin O'Leary, Lori Greiner, Robert Herjavec
7	7	2015-11-06	6.71	clean cube	NO	Mark Cuban, Barbara Corcoran, Kevin O'Leary, Lori Greiner, Robert Herjavec
7	7	2015-11-06	6.71	simply fit board	YES	Mark Cuban, Barbara Corcoran, Kevin O'Leary, Lori Greiner, Robert Herjavec
7	8	2015-11-13	6.14	afresheet	NO	Mark Cuban, Daymond John, Kevin O'Leary, Lori Greiner, Robert Herjavec
7	8	2015-11-13	6.14	unshrinkit	YES	Mark Cuban, Daymond John, Kevin O'Leary, Lori Greiner, Robert Herjavec
7	8	2015-11-13	6.14	grip clean	YES	Mark Cuban, Daymond John, Kevin O'Leary, Lori Greiner, Robert Herjavec
7	8	2015-11-13	6.14	polarpro	YES	Mark Cuban, Daymond John, Kevin O'Leary, Lori Greiner, Robert Herjavec
7	9	2015-11-20	6.9	national association of bubble soccer	NO	Mark Cuban, Daymond John, Kevin O'Leary, Lori Greiner, Robert Herjavec
7	9	2015-11-20	6.9	brazi bites	YES	Mark Cuban, Daymond John, Kevin O'Leary, Lori Greiner, Robert Herjavec
7	9	2015-11-20	6.9	umano	YES	Mark Cuban, Daymond John, Kevin O'Leary, Lori Greiner, Robert Herjavec
7	9	2015-11-20	6.9	socktabs	YES	Mark Cuban, Daymond John, Kevin O'Leary, Lori Greiner, Robert Herjavec
7	10	2015-12-04	6.16	leaux racing trikes	NO	Mark Cuban, Barbara Corcoran, Kevin O'Leary, Lori Greiner, Robert Herjavec
7	10	2015-12-04	6.16	glow recipe	YES	Mark Cuban, Barbara Corcoran, Kevin O'Leary, Lori Greiner, Robert Herjavec
7	10	2015-12-04	6.16	sarah oliver handbags	YES	Mark Cuban, Barbara Corcoran, Kevin O'Leary, Lori Greiner, Robert Herjavec
7	10	2015-12-04	6.16	trunkster	YES	Mark Cuban, Barbara Corcoran, Kevin O'Leary, Lori Greiner, Robert Herjavec
7	11	2015-12-11	6	geekmytree	YES	Mark Cuban, Barbara Corcoran, Kevin O'Leary, Lori Greiner, Robert Herjavec
7	11	2015-12-11	6	beard head	NO	Mark Cuban, Barbara Corcoran, Kevin O'Leary, Lori Greiner, Robert Herjavec
7	11	2015-12-11	6	lovepop	YES	Mark Cuban, Barbara Corcoran, Kevin O'Leary, Lori Greiner, Robert Herjavec
7	11	2015-12-11	6	piperwai	YES	Mark Cuban, Barbara Corcoran, Kevin O'Leary, Lori Greiner, Robert Herjavec
7	12	2016-01-05	4.32	abs pancakes	YES	Mark Cuban, Daymond John, Kevin O'Leary, Lori Greiner, Robert Herjavec
7	12	2016-01-05	4.32	extreme sandbox	YES	Mark Cuban, Daymond John, Kevin O'Leary, Lori Greiner, Robert Herjavec
7	12	2016-01-05	4.32	total tie keep	NO	Mark Cuban, Daymond John, Kevin O'Leary, Lori Greiner, Robert Herjavec
7	12	2016-01-05	4.32	fireavert	YES	Mark Cuban, Daymond John, Kevin O'Leary, Lori Greiner, Robert Herjavec
7	13	2016-01-08	5.76	spretz	NO	Mark Cuban, Barbara Corcoran, Kevin O'Leary, Lori Greiner, Robert Herjavec
7	13	2016-01-08	5.76	hungry harvest	YES	Mark Cuban, Barbara Corcoran, Kevin O'Leary, Lori Greiner, Robert Herjavec
7	13	2016-01-08	5.76	controlled chaos	YES	Mark Cuban, Barbara Corcoran, Kevin O'Leary, Lori Greiner, Robert Herjavec
7	13	2016-01-08	5.76	ezpz	YES	Mark Cuban, Barbara Corcoran, Kevin O'Leary, Lori Greiner, Robert Herjavec
7	14	2016-01-15	5.64	fixed	YES	Mark Cuban, Chris Sacca, Kevin O'Leary, Lori Greiner, Robert Herjavec
7	14	2016-01-15	5.64	hatch baby	YES	Mark Cuban, Chris Sacca, Kevin O'Leary, Lori Greiner, Robert Herjavec
7	14	2016-01-15	5.64	village scholarships	NO	Mark Cuban, Chris Sacca, Kevin O'Leary, Lori Greiner, Robert Herjavec
7	14	2016-01-15	5.64	beard king	YES	Mark Cuban, Chris Sacca, Kevin O'Leary, Lori Greiner, Robert Herjavec
7	15	2016-01-29	6.81	shefit	YES	Mark Cuban, Daymond John, Kevin O'Leary, Lori Greiner, Robert Herjavec
7	15	2016-01-29	6.81	co.alition	NO	Mark Cuban, Daymond John, Kevin O'Leary, Lori Greiner, Robert Herjavec
7	15	2016-01-29	6.81	icybreeze	NO	Mark Cuban, Daymond John, Kevin O'Leary, Lori Greiner, Robert Herjavec
7	15	2016-01-29	6.81	2400 expert	YES	Mark Cuban, Daymond John, Kevin O'Leary, Lori Greiner, Robert Herjavec
7	16	2016-02-05	6.14	r. riveter	YES	Mark Cuban, Daymond John, Kevin O'Leary, Lori Greiner, Robert Herjavec
7	16	2016-02-05	6.14	beartek	NO	Mark Cuban, Daymond John, Kevin O'Leary, Lori Greiner, Robert Herjavec
7	16	2016-02-05	6.14	major mom	NO	Mark Cuban, Daymond John, Kevin O'Leary, Lori Greiner, Robert Herjavec
7	16	2016-02-05	6.14	combat flip flops	YES	Mark Cuban, Daymond John, Kevin O'Leary, Lori Greiner, Robert Herjavec
7	17	2016-02-12	6.73	smartplate	NO	Mark Cuban, Daymond John, Kevin O'Leary, Barbara Corcoran, Chris Sacca
7	17	2016-02-12	6.73	bee free honee	YES	Mark Cuban, Daymond John, Kevin O'Leary, Barbara Corcoran, Chris Sacca
7	17	2016-02-12	6.73	float baby	NO	Mark Cuban, Daymond John, Kevin O'Leary, Barbara Corcoran, Chris Sacca
7	17	2016-02-12	6.73	mtailor	NO	Mark Cuban, Daymond John, Kevin O'Leary, Barbara Corcoran, Chris Sacca
7	18	2016-02-19	6.2	sworkit	YES	Mark Cuban, Barbara Corcoran, Kevin O'Leary, Lori Greiner, Robert Herjavec
7	18	2016-02-19	6.2	clean sleep	NO	Mark Cuban, Barbara Corcoran, Kevin O'Leary, Lori Greiner, Robert Herjavec
7	18	2016-02-19	6.2	tutublue	NO	Mark Cuban, Barbara Corcoran, Kevin O'Leary, Lori Greiner, Robert Herjavec
7	18	2016-02-19	6.2	nohbo	YES	Mark Cuban, Barbara Corcoran, Kevin O'Leary, Lori Greiner, Robert Herjavec
7	19	2016-02-21	4.02	insta-fire	YES	Mark Cuban, Daymond John, Kevin O'Leary, Lori Greiner, Robert Herjavec
7	19	2016-02-21	4.02	custard stand food products	NO	Mark Cuban, Daymond John, Kevin O'Leary, Lori Greiner, Robert Herjavec
7	19	2016-02-21	4.02	prx performance	YES	Mark Cuban, Daymond John, Kevin O'Leary, Lori Greiner, Robert Herjavec
7	19	2016-02-21	4.02	rags to raches	YES	Mark Cuban, Daymond John, Kevin O'Leary, Lori Greiner, Robert Herjavec
7	20	2016-02-26	5.45	betterback	YES	Mark Cuban, Barbara Corcoran, Kevin O'Leary, Lori Greiner, Robert Herjavec
7	20	2016-02-26	5.45	glace cryotherapy	YES	Mark Cuban, Barbara Corcoran, Kevin O'Leary, Lori Greiner, Robert Herjavec
7	20	2016-02-26	5.45	linka	NO	Mark Cuban, Barbara Corcoran, Kevin O'Leary, Lori Greiner, Robert Herjavec
7	20	2016-02-26	5.45	teaspressa	NO	Mark Cuban, Barbara Corcoran, Kevin O'Leary, Lori Greiner, Robert Herjavec
7	21	2016-03-11	5.74	mobcraft beer	NO	Mark Cuban, Daymond John, Kevin O'Leary, Lori Greiner, Robert Herjavec
7	21	2016-03-11	5.74	beloved shirts	NO	Mark Cuban, Daymond John, Kevin O'Leary, Lori Greiner, Robert Herjavec
7	21	2016-03-11	5.74	illumibowl	YES	Mark Cuban, Daymond John, Kevin O'Leary, Lori Greiner, Robert Herjavec
7	21	2016-03-11	5.74	innovation pet	YES	Mark Cuban, Daymond John, Kevin O'Leary, Lori Greiner, Robert Herjavec
7	22	2016-03-18	6.13	beer blizzard	YES	Mark Cuban, Daymond John, Kevin O'Leary, Lori Greiner, Robert Herjavec
7	22	2016-03-18	6.13	vengo	YES	Mark Cuban, Daymond John, Kevin O'Leary, Lori Greiner, Robert Herjavec
7	22	2016-03-18	6.13	the good promise	NO	Mark Cuban, Daymond John, Kevin O'Leary, Lori Greiner, Robert Herjavec
7	22	2016-03-18	6.13	wondercide	YES	Mark Cuban, Daymond John, Kevin O'Leary, Lori Greiner, Robert Herjavec
7	23	2016-04-08	5.42	pridebites pet products	YES	Mark Cuban, Daymond John, Kevin O'Leary, Lori Greiner, Robert Herjavec
7	23	2016-04-08	5.42	trobo	YES	Mark Cuban, Daymond John, Kevin O'Leary, Lori Greiner, Robert Herjavec
7	23	2016-04-08	5.42	nophone	NO	Mark Cuban, Daymond John, Kevin O'Leary, Lori Greiner, Robert Herjavec
7	23	2016-04-08	5.42	coolbox	YES	Mark Cuban, Daymond John, Kevin O'Leary, Lori Greiner, Robert Herjavec
7	24	2016-04-15	5.63	petnostics	YES	Mark Cuban, Ashton Kutcher, Kevin O'Leary, Lori Greiner, Robert Herjavec
7	24	2016-04-15	5.63	frends	NO	Mark Cuban, Ashton Kutcher, Kevin O'Leary, Lori Greiner, Robert Herjavec
7	24	2016-04-15	5.63	popslate	NO	Mark Cuban, Ashton Kutcher, Kevin O'Leary, Lori Greiner, Robert Herjavec
7	24	2016-04-15	5.63	slyde handboards	YES	Mark Cuban, Ashton Kutcher, Kevin O'Leary, Lori Greiner, Robert Herjavec
7	25	2016-04-22	5.4	drip drop	YES	Mark Cuban, Barbara Corcoran, Kevin O'Leary, Lori Greiner, Robert Herjavec
7	25	2016-04-22	5.4	jarrett & raja productions	NO	Mark Cuban, Barbara Corcoran, Kevin O'Leary, Lori Greiner, Robert Herjavec
7	25	2016-04-22	5.4	kidrunner	NO	Mark Cuban, Barbara Corcoran, Kevin O'Leary, Lori Greiner, Robert Herjavec
7	25	2016-04-22	5.4	inchbug	NO	Mark Cuban, Barbara Corcoran, Kevin O'Leary, Lori Greiner, Robert Herjavec
7	26	2016-04-29	5.76	fashiontap	NO	Mark Cuban, Daymond John, Kevin O'Leary, Barbara Corcoran, Chris Sacca
7	26	2016-04-29	5.76	brellabox	NO	Mark Cuban, Daymond John, Kevin O'Leary, Barbara Corcoran, Chris Sacca
7	26	2016-04-29	5.76	my fruity faces	NO	Mark Cuban, Daymond John, Kevin O'Leary, Barbara Corcoran, Chris Sacca
7	26	2016-04-29	5.76	brightwheel	YES	Mark Cuban, Daymond John, Kevin O'Leary, Barbara Corcoran, Chris Sacca
7	27	2016-05-06	5.42	dollop gourmet	YES	Mark Cuban, Barbara Corcoran, Kevin O'Leary, Lori Greiner, Robert Herjavec
7	27	2016-05-06	5.42	creaproducts	YES	Mark Cuban, Barbara Corcoran, Kevin O'Leary, Lori Greiner, Robert Herjavec
7	27	2016-05-06	5.42	yourself expression	NO	Mark Cuban, Barbara Corcoran, Kevin O'Leary, Lori Greiner, Robert Herjavec
7	27	2016-05-06	5.42	the spooner	YES	Mark Cuban, Barbara Corcoran, Kevin O'Leary, Lori Greiner, Robert Herjavec
7	28	2016-05-13	5.3	camp no counselors	NO	Mark Cuban, Daymond John, Kevin O'Leary, Lori Greiner, Robert Herjavec
7	28	2016-05-13	5.3	extreme vehicle protection	YES	Mark Cuban, Daymond John, Kevin O'Leary, Lori Greiner, Robert Herjavec
7	28	2016-05-13	5.3	gladiator lacrosse	NO	Mark Cuban, Daymond John, Kevin O'Leary, Lori Greiner, Robert Herjavec
7	28	2016-05-13	5.3	vpcabs	YES	Mark Cuban, Daymond John, Kevin O'Leary, Lori Greiner, Robert Herjavec
7	29	2016-05-20	5.47	pete & pedro	YES	Mark Cuban, Barbara Corcoran, Kevin O'Leary, Lori Greiner, Robert Herjavec
7	29	2016-05-20	5.47	pms bites	NO	Mark Cuban, Barbara Corcoran, Kevin O'Leary, Lori Greiner, Robert Herjavec
7	29	2016-05-20	5.47	felt	YES	Mark Cuban, Barbara Corcoran, Kevin O'Leary, Lori Greiner, Robert Herjavec
7	29	2016-05-20	5.47	pavlok	NO	Mark Cuban, Barbara Corcoran, Kevin O'Leary, Lori Greiner, Robert Herjavec
8	1	2016-09-23	4.98	fizzics	YES	Mark Cuban, Daymond John, Barbara Corcoran, Kevin O'Leary, Lori Greiner, Robert Herjavec
8	1	2016-09-23	4.98	spoonful of comfort	NO	Mark Cuban, Daymond John, Barbara Corcoran, Kevin O'Leary, Lori Greiner, Robert Herjavec
8	1	2016-09-23	4.98	islide	NO	Mark Cuban, Daymond John, Barbara Corcoran, Kevin O'Leary, Lori Greiner, Robert Herjavec
8	1	2016-09-23	4.98	rethink	YES	Mark Cuban, Daymond John, Barbara Corcoran, Kevin O'Leary, Lori Greiner, Robert Herjavec
8	2	2016-09-30	5.02	the lapel project	YES	Mark Cuban, Daymond John, Kevin O'Leary, Lori Greiner, Robert Herjavec
8	2	2016-09-30	5.02	goodhangups	YES	Mark Cuban, Daymond John, Kevin O'Leary, Lori Greiner, Robert Herjavec
8	2	2016-09-30	5.02	ice age meals	NO	Mark Cuban, Daymond John, Kevin O'Leary, Lori Greiner, Robert Herjavec
8	2	2016-09-30	5.02	tactibite fish call	YES	Mark Cuban, Daymond John, Kevin O'Leary, Lori Greiner, Robert Herjavec
8	3	2016-10-07	4.86	raising wild	YES	Mark Cuban, Barbara Corcoran, Kevin O'Leary, Lori Greiner, Robert Herjavec
8	3	2016-10-07	4.86	the cookie kahuna	NO	Mark Cuban, Barbara Corcoran, Kevin O'Leary, Lori Greiner, Robert Herjavec
8	3	2016-10-07	4.86	tekdry	YES	Mark Cuban, Barbara Corcoran, Kevin O'Leary, Lori Greiner, Robert Herjavec
8	3	2016-10-07	4.86	night runner 270	YES	Mark Cuban, Barbara Corcoran, Kevin O'Leary, Lori Greiner, Robert Herjavec
8	4	2016-10-14	5.19	solemates	YES	Mark Cuban, Daymond John, Kevin O'Leary, Lori Greiner, Robert Herjavec
8	4	2016-10-14	5.19	atlantic candy company	NO	Mark Cuban, Daymond John, Kevin O'Leary, Lori Greiner, Robert Herjavec
8	4	2016-10-14	5.19	biem	YES	Mark Cuban, Daymond John, Kevin O'Leary, Lori Greiner, Robert Herjavec
8	4	2016-10-14	5.19	angels and tomboys	YES	Mark Cuban, Daymond John, Kevin O'Leary, Lori Greiner, Robert Herjavec
8	5	2016-10-21	5.42	sandilake clothing	NO	Mark Cuban, Barbara Corcoran, Kevin O'Leary, Lori Greiner, Robert Herjavec
8	5	2016-10-21	5.42	parker maple	NO	Mark Cuban, Barbara Corcoran, Kevin O'Leary, Lori Greiner, Robert Herjavec
8	5	2016-10-21	5.42	safegrabs	YES	Mark Cuban, Barbara Corcoran, Kevin O'Leary, Lori Greiner, Robert Herjavec
8	5	2016-10-21	5.42	silidog	YES	Mark Cuban, Barbara Corcoran, Kevin O'Leary, Lori Greiner, Robert Herjavec
8	6	2016-10-28	4.41	joyce's lulu bang	NO	Mark Cuban, Daymond John, Kevin O'Leary, Lori Greiner, Robert Herjavec
8	6	2016-10-28	4.41	unpack	NO	Mark Cuban, Daymond John, Kevin O'Leary, Lori Greiner, Robert Herjavec
8	6	2016-10-28	4.41	sunscreenr	YES	Mark Cuban, Daymond John, Kevin O'Leary, Lori Greiner, Robert Herjavec
8	6	2016-10-28	4.41	potato parcel	YES	Mark Cuban, Daymond John, Kevin O'Leary, Lori Greiner, Robert Herjavec
8	7	2016-11-04	5.22	eco flower	YES	Mark Cuban, Daymond John, Barbara Corcoran, Kevin O'Leary, Lori Greiner, Robert Herjavec
8	7	2016-11-04	5.22	the style club	YES	Mark Cuban, Daymond John, Barbara Corcoran, Kevin O'Leary, Lori Greiner, Robert Herjavec
8	7	2016-11-04	5.22	safe catch	NO	Mark Cuban, Daymond John, Barbara Corcoran, Kevin O'Leary, Lori Greiner, Robert Herjavec
8	7	2016-11-04	5.22	#besomebody	NO	Mark Cuban, Daymond John, Barbara Corcoran, Kevin O'Leary, Lori Greiner, Robert Herjavec
8	8	2016-11-11	5.43	milk snob	YES	Mark Cuban, Barbara Corcoran, Kevin O'Leary, Lori Greiner, Chris Sacca
8	8	2016-11-11	5.43	jack's stands & marketplaces	YES	Mark Cuban, Barbara Corcoran, Kevin O'Leary, Lori Greiner, Chris Sacca
8	8	2016-11-11	5.43	chi'lantro bbq	YES	Mark Cuban, Barbara Corcoran, Kevin O'Leary, Lori Greiner, Chris Sacca
8	8	2016-11-11	5.43	toor	YES	Mark Cuban, Barbara Corcoran, Kevin O'Leary, Lori Greiner, Chris Sacca
8	9	2016-11-18	5.19	pupbox	YES	Mark Cuban, Daymond John, Kevin O'Leary, Lori Greiner, Robert Herjavec
8	9	2016-11-18	5.19	barbell apparel	NO	Mark Cuban, Daymond John, Kevin O'Leary, Lori Greiner, Robert Herjavec
8	9	2016-11-18	5.19	energybits	NO	Mark Cuban, Daymond John, Kevin O'Leary, Lori Greiner, Robert Herjavec
8	9	2016-11-18	5.19	line cutterz	YES	Mark Cuban, Daymond John, Kevin O'Leary, Lori Greiner, Robert Herjavec
8	10	2016-12-02	5.2	inboard technology	YES	Mark Cuban, Robert Herjavec, Kevin O'Leary, Lori Greiner, Chris Sacca
8	10	2016-12-02	5.2	petplate	NO	Mark Cuban, Robert Herjavec, Kevin O'Leary, Lori Greiner, Chris Sacca
8	10	2016-12-02	5.2	nootrobox	NO	Mark Cuban, Robert Herjavec, Kevin O'Leary, Lori Greiner, Chris Sacca
8	10	2016-12-02	5.2	nomiku	YES	Mark Cuban, Robert Herjavec, Kevin O'Leary, Lori Greiner, Chris Sacca
8	11	2016-12-09	4.91	sealed by santa	YES	Mark Cuban, Barbara Corcoran, Kevin O'Leary, Lori Greiner, Robert Herjavec
8	11	2016-12-09	4.91	polyglide synthetic ice	NO	Mark Cuban, Barbara Corcoran, Kevin O'Leary, Lori Greiner, Robert Herjavec
8	11	2016-12-09	4.91	digiwrap	YES	Mark Cuban, Barbara Corcoran, Kevin O'Leary, Lori Greiner, Robert Herjavec
8	11	2016-12-09	4.91	hand out gloves	YES	Mark Cuban, Barbara Corcoran, Kevin O'Leary, Lori Greiner, Robert Herjavec
8	12	2017-01-06	5.78	pdx pet design	NO	Mark Cuban, Daymond John, Kevin O'Leary, Lori Greiner, Robert Herjavec
8	12	2017-01-06	5.78	basic outfitters	NO	Mark Cuban, Daymond John, Kevin O'Leary, Lori Greiner, Robert Herjavec
8	12	2017-01-06	5.78	victory coffees	NO	Mark Cuban, Daymond John, Kevin O'Leary, Lori Greiner, Robert Herjavec
8	12	2017-01-06	5.78	naturally perfect dolls	YES	Mark Cuban, Daymond John, Kevin O'Leary, Lori Greiner, Robert Herjavec
8	13	2017-01-13	5.86	grease bags	YES	Mark Cuban, Barbara Corcoran, Kevin O'Leary, Lori Greiner, Robert Herjavec
8	13	2017-01-13	5.86	pinblock	YES	Mark Cuban, Barbara Corcoran, Kevin O'Leary, Lori Greiner, Robert Herjavec
8	13	2017-01-13	5.86	mama's milkbox	NO	Mark Cuban, Barbara Corcoran, Kevin O'Leary, Lori Greiner, Robert Herjavec
8	13	2017-01-13	5.86	nicepipes apparel	NO	Mark Cuban, Barbara Corcoran, Kevin O'Leary, Lori Greiner, Robert Herjavec
8	14	2017-01-27	5.97	chirps	YES	Mark Cuban, Barbara Corcoran, Kevin O'Leary, Lori Greiner, Chris Sacca
8	14	2017-01-27	5.97	vibes	NO	Mark Cuban, Barbara Corcoran, Kevin O'Leary, Lori Greiner, Chris Sacca
8	14	2017-01-27	5.97	pop-up play	YES	Mark Cuban, Barbara Corcoran, Kevin O'Leary, Lori Greiner, Chris Sacca
8	14	2017-01-27	5.97	getaway	NO	Mark Cuban, Barbara Corcoran, Kevin O'Leary, Lori Greiner, Chris Sacca
8	15	2017-02-03	5.68	the kooler	YES	Mark Cuban, Daymond John, Kevin O'Leary, Lori Greiner, Robert Herjavec
8	15	2017-02-03	5.68	little nomad	NO	Mark Cuban, Daymond John, Kevin O'Leary, Lori Greiner, Robert Herjavec
8	15	2017-02-03	5.68	rinsekit	YES	Mark Cuban, Daymond John, Kevin O'Leary, Lori Greiner, Robert Herjavec
8	15	2017-02-03	5.68	dbest products	YES	Mark Cuban, Daymond John, Kevin O'Leary, Lori Greiner, Robert Herjavec
8	16	2017-02-10	5.81	tranquilo	YES	Mark Cuban, Daymond John, Kevin O'Leary, Lori Greiner, Robert Herjavec
8	16	2017-02-10	5.81	doc spartan	YES	Mark Cuban, Daymond John, Kevin O'Leary, Lori Greiner, Robert Herjavec
8	16	2017-02-10	5.81	peaceful fruits	NO	Mark Cuban, Daymond John, Kevin O'Leary, Lori Greiner, Robert Herjavec
8	16	2017-02-10	5.81	f.f.t.o.b.	YES	Mark Cuban, Daymond John, Kevin O'Leary, Lori Greiner, Robert Herjavec
8	17	2017-02-17	5.22	toymail	YES	Mark Cuban, Robert Herjavec, Kevin O'Leary, Lori Greiner, Chris Sacca
8	17	2017-02-17	5.22	edn wallgarden	NO	Mark Cuban, Robert Herjavec, Kevin O'Leary, Lori Greiner, Chris Sacca
8	17	2017-02-17	5.22	hotels by day	NO	Mark Cuban, Robert Herjavec, Kevin O'Leary, Lori Greiner, Chris Sacca
8	17	2017-02-17	5.22	bitsbox	NO	Mark Cuban, Robert Herjavec, Kevin O'Leary, Lori Greiner, Chris Sacca
8	18	2017-02-24	5.86	sand cloud	YES	Mark Cuban, Daymond John, Kevin O'Leary, Lori Greiner, Robert Herjavec
8	18	2017-02-24	5.86	ora organic	NO	Mark Cuban, Daymond John, Kevin O'Leary, Lori Greiner, Robert Herjavec
8	18	2017-02-24	5.86	dartdrones	YES	Mark Cuban, Daymond John, Kevin O'Leary, Lori Greiner, Robert Herjavec
8	18	2017-02-24	5.86	the elephant pants	YES	Mark Cuban, Daymond John, Kevin O'Leary, Lori Greiner, Robert Herjavec
8	19	2017-03-03	6.08	the sleep styler	YES	Mark Cuban, Barbara Corcoran, Kevin O'Leary, Lori Greiner, Robert Herjavec
8	19	2017-03-03	6.08	blendtique wine company	YES	Mark Cuban, Barbara Corcoran, Kevin O'Leary, Lori Greiner, Robert Herjavec
8	19	2017-03-03	6.08	mealenders	NO	Mark Cuban, Barbara Corcoran, Kevin O'Leary, Lori Greiner, Robert Herjavec
8	19	2017-03-03	6.08	rareform	YES	Mark Cuban, Barbara Corcoran, Kevin O'Leary, Lori Greiner, Robert Herjavec
8	20	2017-04-07	4.88	apollo peak	YES	Mark Cuban, Daymond John, Kevin O'Leary, Lori Greiner, Robert Herjavec
8	20	2017-04-07	4.88	seedsheet	YES	Mark Cuban, Daymond John, Kevin O'Leary, Lori Greiner, Robert Herjavec
8	20	2017-04-07	4.88	cropsticks	NO	Mark Cuban, Daymond John, Kevin O'Leary, Lori Greiner, Robert Herjavec
8	20	2017-04-07	4.88	under the weather	YES	Mark Cuban, Daymond John, Kevin O'Leary, Lori Greiner, Robert Herjavec
8	21	2017-04-14	4.38	guard llama	YES	Mark Cuban, Barbara Corcoran, Kevin O'Leary, Lori Greiner, Chris Sacca
8	21	2017-04-14	4.38	flag	NO	Mark Cuban, Barbara Corcoran, Kevin O'Leary, Lori Greiner, Chris Sacca
8	21	2017-04-14	4.38	validated	NO	Mark Cuban, Barbara Corcoran, Kevin O'Leary, Lori Greiner, Chris Sacca
8	21	2017-04-14	4.38	guardian bikes	YES	Mark Cuban, Barbara Corcoran, Kevin O'Leary, Lori Greiner, Chris Sacca
8	22	2017-04-21	4.58	goverre	YES	Mark Cuban, Daymond John, Kevin O'Leary, Lori Greiner, Robert Herjavec
8	22	2017-04-21	4.58	see rescue streamer	NO	Mark Cuban, Daymond John, Kevin O'Leary, Lori Greiner, Robert Herjavec
8	22	2017-04-21	4.58	bootyqueen apparel	YES	Mark Cuban, Daymond John, Kevin O'Leary, Lori Greiner, Robert Herjavec
8	22	2017-04-21	4.58	loctote industrial bag co.	YES	Mark Cuban, Daymond John, Kevin O'Leary, Lori Greiner, Robert Herjavec
8	23	2017-05-05	4.4	thompson tee	YES	Mark Cuban, Daymond John, Kevin O'Leary, Lori Greiner, Robert Herjavec
8	23	2017-05-05	4.4	wallet buckle	NO	Mark Cuban, Daymond John, Kevin O'Leary, Lori Greiner, Robert Herjavec
8	23	2017-05-05	4.4	rumi spice	YES	Mark Cuban, Daymond John, Kevin O'Leary, Lori Greiner, Robert Herjavec
8	23	2017-05-05	4.4	peoples design	YES	Mark Cuban, Daymond John, Kevin O'Leary, Lori Greiner, Robert Herjavec
8	24	2017-05-12	4.01	wine & design	YES	Mark Cuban, Barbara Corcoran, Kevin O'Leary, Lori Greiner, Robert Herjavec
8	24	2017-05-12	4.01	rocketbook	NO	Mark Cuban, Barbara Corcoran, Kevin O'Leary, Lori Greiner, Robert Herjavec
8	24	2017-05-12	4.01	laid brand	NO	Mark Cuban, Barbara Corcoran, Kevin O'Leary, Lori Greiner, Robert Herjavec
8	24	2017-05-12	4.01	bridal buddy	YES	Mark Cuban, Barbara Corcoran, Kevin O'Leary, Lori Greiner, Robert Herjavec
