Season	Episode	Product	Asking	GotDeal	Investors	DealTerms
1	1	ava the elephant	$50,000 for 15%	YES	Barbara Corcoran	$50,000 for 55%
1	1	college foxes packing boxes	$250,000 for 25%	NO	NA	NA
1	1	ionic ear	$1,000,000 for 15%	NO	NA	NA
1	1	mr. tod's pie factory	$460,000 for 10%	YES	Barbara Corcoran, Daymond John	$460,000 for 50%
1	1	wispots	$1,200,000 for 10%	NO	NA	NA
1	2	a perfect pear	$500,000 for 15%	YES	Kevin Harrington, Robert Herjavec	$500,000 for 50%
1	2	classroom jams	$250,000 for 10%	YES	Kevin Harrington, Robert Herjavec, Kevin O'Leary, Daymond John, Barbara Corcoran	$250,000 for 100%
1	2	crooked jaw	$200,000 for 20%	NO	NA	NA
1	2	lifebelt	$500,000 for 10%	NO	NA	NA
1	2	sticky note holder	$100,000 for 20%	NO	NA	NA
1	3	50 state capitals deck	$155,000 for 10%	NO	NA	NA
1	3	kwyzta chopstick art	$100,000 for 10%	NO	NA	NA
1	3	stress free kids	$250,000 for 20%	YES	Barbara Corcoran	$250,000 for 50%
1	3	turbobaster	$35,000 for 35%	YES	Kevin Harrington	$35,000 for 100%
1	3	voyage air guitar	$500,000 for 5%	NO	NA	NA
1	4	coffee brand gifts	$300,000 for 40%	NO	NA	NA
1	4	coverplay	$350,000 for 15%	YES	Barbara Corcoran	$350,000 for 40%
1	4	gift card rescue	$150,000 for 30%	YES	Robert Herjavec, Kevin O'Leary	$200,000 for 50%
1	4	graffiti removal services	$350,000 for 15%	NO	NA	NA
1	4	soul's calling	$150,000 for 25%	NO	NA	NA
1	5	body jac	$180,000 for 20%	YES	Barbara Corcoran, Kevin Harrington	$180,000 for 50%
1	5	face blok	$50,000 for 30%	NO	NA	NA
1	5	good grief celebrations	$50,000 for 25%	NO	NA	NA
1	5	granola gourmet	$175,000 for 25%	NO	NA	NA
1	5	my therapy journal	$80,000 for 20%	YES	Robert Herjavec, Kevin O'Leary	$80,000 for 51%<U+FFFD>
1	6	element bars	$150,000 for 15%	YES	Kevin Harrington	$150,000 for 30%
1	6	kalyx	$125,000 for 20%	NO	NA	NA
1	6	pork barrel bbq	$50,000 for 10%	YES	Barbara Corcoran	$50,000 for 50%
1	6	the fizz	$150,000 for 25%	NO	NA	NA
1	6	underease underwear	$55,000 for 25%	NO	NA	NA
1	7	boogie box fitness	$700,000 for 70%	NO	NA	NA
1	7	funhouse	$300,000 for 20%	NO	NA	NA
1	7	grill charms	$50,000 for 25%	YES	Robert Herjavec	$50,000 for 25%
1	7	soy-yer-dough	$125,000 for 25%	YES	Robert Herjavec, Kevin O'Leary, Daymond John	$300,000 for 51%
1	8	notehall	$90,000 for 10%	YES	Barbara Corcoran	$90,000 for 25%
1	8	throx	$50,000 for 25%	NO	NA	NA
1	8	treasure chest pets	$150,000 for 20%	YES	Barbara Corcoran, Daymond John	$150,000 for 60%
1	8	washed up hollywood	$500,000 for 25%	NO	NA	NA
1	9	chill soda	$50,000 for 10%	YES	Barbara Corcoran	$50,000 for 20%
1	9	cornucopia	$300,000 for 15%	NO	NA	NA
1	9	gayla bentley fashion	$250,000 for 20%	YES	Barbara Corcoran, Daymond John	$250,000 for 50%
1	9	virtusphere	$1,500,000 for 10%	NO	NA	NA
1	10	jump forward	$150,000 for 10%	YES	Robert Herjavec, Kevin O'Leary	$150,000 for 50%
1	10	mr. poncho	$50,000 for 25%	NO	NA	NA
1	10	the bobble place	$75,000 for 18%	NO	NA	NA
1	10	uroclub	$25,000 for 51%	YES	Kevin Harrington	$25,000 for 70%
1	11	hells bells	$500,000 for 20%	YES	Daymond John	$500,000 for 50%
1	11	ink flip	$150,000 for 20%	NO	NA	NA
1	11	romp n' roll	$300,000 for 10%	NO	NA	NA
1	11	the chef in black	$50,000 for 10%	YES	Barbara Corcoran	$50,000 for 35%
1	11	the twister	NA	NO	NA	NA
1	12	grease monkey wipes	$40,000 for 40%	YES	Robert Herjavec, Barbara Corcoran	$40,000 for 40%
1	12	podillow	$250,000 for 33%	NO	NA	NA
1	12	the factionist	$30,000 for 20%	NO	NA	NA
1	12	wee can shop	$200,000 for 30%	NO	NA	NA
1	13	caffeindicator	$200,000 for 25%	YES	Kevin Harrington	$200,000 for 50%
1	13	captain ice cream	$48,000 for 25%	NO	NA	NA
1	13	legal grind	$200,000 for 15%	NO	NA	NA
1	13	lipstix remix	$105,000 for 30%	YES	Kevin Harrington, Daymond John, Barbara Corcoran	$105,000 for 50%
1	14	llama brew	$125,000 for 10%	NO	NA	NA
1	14	nubrella	$200,000 for 25%	YES	Kevin Harrington, Daymond John	$200,000 for 51%
1	14	pillars of slippers	$150,000 for 15%	NO	NA	NA
1	14	qubits	$90,000 for 51%	YES	Daymond John	$90,000 for 51%
1	14	send a ball	$86,000 for 20%	NO	NA	NA
2	1	cbs foods	$200,000 for 25%	NO	NA	NA
2	1	copa di vino	$600,000 for 20%	NO	NA	NA
2	1	tippi toes	$30,000 for 5%	YES	Mark Cuban	$100,000 for 30%
2	1	wurkin stiffs	$85,000 for 10%	YES	Barbara Corcoran, Daymond John	$100,000 for 40%
2	2	first defense nasal screen	$500,000 for 10%	YES	Kevin O'Leary, Mark Cuban, Daymond John	$750,000 for 30%
2	2	toygaroo	$100,000 for 10%	YES	Kevin O'Leary, Mark Cuban	$200,000 for 40%
2	2	vurtego	$500,000 for 20%	NO	NA	NA
2	2	wake n' bacon	$40,000 for 20%	NO	NA	NA
2	3	fitness stride	$140,000 for 15%	NO	NA	NA
2	3	flipoutz	$100,000 for 20%	YES	Kevin O'Leary, Robert Herjavec, Daymond John	$100,000 for 33%
2	3	mod mom furniture	$90,000 for 25%	YES	Robert Herjavec	$90,000 for 33%
2	3	pure ayre	$150,000 for 10%	NO	NA	NA
2	4	broccoli wad	$50,000 for 20%	YES	Barbara Corcoran	$50,000 for 40%
2	4	hillbilly brand	$50,000 for 25%	YES	Jeff Foxworthy, Robert Herjavec, Daymond John	$75,000 for 100%
2	4	ride-on carry-on	$50,000 for 25%	YES	Barbara Corcoran	$50,000 for 25%
2	4	uncle zip's beef jerky	$25,000 for 20%	NO	NA	NA
2	5	fridge fronts	$100,000 for 30%	YES	Kevin Harrington, Barbara Corcoran	$100,000 for 50%
2	5	lightfilm	$100,000 for 5%	YES	Robert Herjavec, Daymond John	$100,000 for 70%
2	5	new era brands	$500,000 for 30%	NO	NA	NA
2	5	thin gloss	$80,000 for 20%	NO	NA	NA
2	6	caddy swag	$60,000 for 20%	NO	NA	NA
2	6	daisy cakes	$50,000 for 25%	YES	Barbara Corcoran	$50,000 for 25%
2	6	hot mama gowns	$30,000 for 20%	NO	NA	NA
2	6	sweep easy	$40,000 for 25%	YES	Kevin Harrington, Daymond John	$80,000 for 25%
2	7	carsik bib	NA	NO	NA	NA
2	7	ecomowers	NA	NO	NA	NA
2	7	games2u	NA	NO	NA	NA
2	7	hydromax	NA	YES	NA	NA
2	8	hyconn	$500,000 for 40%	YES	Mark Cuban	$1,250,000 for 100%
2	8	man candle	$50,000 for 25%	NO	NA	NA
2	8	origaudio	$150,000 for 15%	YES	Robert Herjavec	$150,000 for 15%
2	8	original runner company	$250,000 for 15%	NO	NA	NA
2	9	aldo orta jewelry	$180,000 for 45%	YES	Kevin Harrington, Barbara Corcoran	$180,000 for 45%
2	9	citikitty	$100,000 for 15%	YES	Kevin Harrington	$100,000 for 20%
2	9	one sole	$500,000 for 20%	YES	Daymond John	$500,000 for 35%
2	9	samson martin	$50,000 for 15%	NO	NA	NA
3	1	business ghost	$200,000 for 10%	NO	NA	NA
3	1	ez vip	$150,000 for 15%	YES	Daymond John, Mark Cuban	$150,000 for 30%
3	1	my wonderful life	$100,000 for 10%	NO	NA	NA
3	1	the clean bottle	$60,000 for 5%	YES	Mark Cuban	$60,000 for 8%
3	2	i want to draw a cat for you	$10,000 for 25%	YES	Mark Cuban	$25,000 for 33%
3	2	invis-a-rack	$100,000 for 10%	NO	NA	NA
3	2	salespreneur	$90,000 for 40%	NO	NA	NA
3	2	vegas magic show	$1,500,000 for 20%	NO	NA	NA
3	3	chord buddy	$125,000 for 10%	YES	Robert Herjavec	$175,000 for 20%
3	3	liquid money	$100,000 for 5%	NO	NA	NA
3	3	tail lightz	$50,000 for 50%	NO	NA	NA
3	3	you smell soap	$55,000 for 20%	YES	Robert Herjavec	$55,000 for 20%
3	4	puppy cake	$50,000 for 25%	NO	NA	NA
3	4	show no	$50,000 for 25%	YES	Lori Greiner	$75,000 for 25%
3	4	the swilt	$30,000 for 35%	NO	NA	NA
3	4	wine balloon	$40,000 for 30%	YES	Lori Greiner, Mark Cuban	$40,000 for 100%
3	5	ledge pillow	$30,000 for 25%	NO	NA	NA
3	5	m3 girl designs	$300,000 for 15%	YES	Lori Greiner, Mark Cuban, Robert Herjavec	$300,000 for 30%
3	5	talbott teas	$250,000 for 20%	YES	Kevin O'Leary	$250,000 for 35%
3	5	the last lid	$40,000 for 20%	YES	Daymond John	$40,000 for 60%
3	6	esso watches	$35,000 for 20%	NO	NA	NA
3	6	five minute furniture	$250,000 for 25%	NO	NA	NA
3	6	readerest specsecure	$150,000  15%	YES	Lori Greiner	$150,000  65%
3	6	the painted pretzel	$100,000 for 25%	YES	Mark Cuban	$100,000 for 25%
3	7	kisstixx	$200,000 for 20%	YES	Mark Cuban	$200,000 for 40%
3	7	technology enabled clothing	$500,000 for 15%	NO	NA	NA
3	7	the heat helper	$100,000 for 50%	NO	NA	NA
3	7	the smart baker	$75,000 for 25%	YES	Barbara Corcoran	$75,000 for 40%
3	8	litter	$80,000 for 51%	YES	Mark Cuban, Daymond John	$80,000 for 70%
3	8	nardo's natural	$75,000 for 12%	YES	Barbara Corcoran	$75,000 for 50%
3	8	rent-a-grandma	$150,000 for 20%	NO	NA	NA
3	8	the original profender	$75,000 for 15%	NO	NA	NA
3	9	instant lifts	$100,000 for 25%	NO	NA	NA
3	9	misomedia	$300,000 for 5%	YES	Mark Cuban	$300,000 for 8%
3	9	tower paddle boards	$150,000 for 10%	YES	Mark Cuban	$150,000 for 30%
3	9	vinamor	$75,000 for 30%	NO	NA	NA
3	10	bark'em's to go	$100,000 for 51%	NO	NA	NA
3	10	brewer's cow	$125,000 for 15%	NO	NA	NA
3	10	gogo gear	$300,000 for 15%	YES	Daymond John	$300,000 for 65%
3	10	the ave venice	$125,000 for 15%	NO	NA	NA
3	11	blondies cookies	$200,000 for 3%	NO	NA	NA
3	11	copa di vino	$600,000 for 20%	NO	NA	NA
3	11	the sullivan generator	$1,000,000 for 10%	NO	NA	NA
3	11	viewsport	$500,000 for 20%	NO	NA	NA
3	12	debbie brooks handbags	$540,000 for 20%	NO	NA	NA
3	12	lollacup	$100,000 for 15%	YES	Mark Cuban, Robert Herjavec	$100,000 for 40%
3	12	nail pak	$50,000 for 20%	YES	Lori Greiner	$50,000 for 40%
3	12	trimi tank	$57,000 for 30%	NO	NA	NA
3	13	airbedz	$250,000 for 15%	NO	NA	NA
3	13	boot illusions	$100,000 for 30%	YES	Barbara Corcoran	$100,000 for 55%
3	13	skyride	$3,000,000 for 20%	NO	NA	NA
3	13	villy customs	$500,000 for 33%	YES	Barbara Corcoran, Mark Cuban	$500,000 for 42%
3	14	billy blanks jr.'s dance with me	$100,000 for 20%	YES	Mark Cuban, Daymond John	$100,000 for 50%
3	14	cab20	$200,000 for 20%	NO	NA	NA
3	14	mix bikini	$50,000 for 5%	YES	Barbara Corcoran	$50,000 for 25%
3	14	wild squirrel nut butter	$50,000 for 10%	YES	Barbara Corcoran	$50,000 for 40%
3	15	cougar limited	$150,000 for 30%	NO	NA	NA
3	15	remyxx rekixx sneakers	$50,000 for 10%	YES	Daymond John	$50,000 for 80%
3	15	the nitroforce titan 1000	$250,000 for 10%	NO	NA	NA
3	15	unikey technologies	$500,000 for 33%	YES	Mark Cuban, Kevin O'Leary	$500,000 for 40%
4	1	bev buckle	$50,000 for 10%	YES	Barbara Corcoran	$50,000 for 51%
4	1	body walking	$100,000 for 10%	NO	NA	NA
4	1	buggy beds	$125,000 for 7%	YES	Barbara Corcoran, Robert Herjavec, Kevin O'Leary, Daymond John, Mark Cuban	$250,000 for 25%
4	1	coatchex	$200,000 for 10%	NO	NA	NA
4	2	alpha m	$50,000 for 10%	NO	NA	NA
4	2	cateapp	$50,000 for 5%	YES	Kevin O'Leary, Daymond John	$70,000 for 35%
4	2	ecreamery	$250,000 for 33%	NO	NA	NA
4	2	surfset fitness	$150,000 for 10%	YES	Mark Cuban	$300,000 for 30%
4	3	fuzzibunz	$500,000 for 15%	NO	NA	NA
4	3	liz lovely cookies	$200,000 for 10%	NO	NA	NA
4	3	posture now	$100,000 for 15%	YES	Mark Cuban	$100,000 for 30%
4	3	rock bands	$100,000 for 20%	YES	Mark Cuban, Daymond John	$100,000 for 40%
4	4	back 9 dips	$150,000 for 15%	YES	Lori Greiner, Robert Herjavec	$150,000 for 25%
4	4	bag bowl	$40,000 for 33%	YES	Lori Greiner	$40,000 for 33%
4	4	lifter hamper	$85,000 for 12%	NO	NA	NA
4	4	zomm	$2,000,000 for 10%	NO	NA	NA
4	5	cozy bug	$50,000 for 25%	YES	Daymond John	$50,000 for 30%
4	5	marz sprays	$200,000 for 10%	YES	Lori Greiner	$200,000 for 25%
4	5	spatty	$50,000 for 40%	NO	NA	NA
4	5	wired waffles	$75,000 for 25%	NO	NA	NA
4	6	cousins maine lobster	$55,000 for 5%	YES	Barbara Corcoran	$55,000 for 15%
4	6	eco nuts	$175,000 for 15%	NO	NA	NA
4	6	freaker usa	$200,000 for 10%	NO	NA	NA
4	6	pro-nrg	$250,000 for 15%	YES	Daymond John	$250,000 for 30%
4	7	sbu	$300,000 for 10%	YES	Kevin O'Leary, Robert Herjavec	$300,000 for 33%
4	7	scrub daddy	$100,000 for 10%	YES	Lori Greiner	$200,000 for 20%
4	7	shemie	$60,000 for 20%	NO	NA	NA
4	7	the bear & the rat	$125,000  20%	NO	NA	NA
4	8	cool wazoo	$65,000 for 25%	YES	Lori Greiner	$65,000 for 25%
4	8	no fly cone	$25,000 for 15%	NO	NA	NA
4	8	platetopper	$90,000 for 5%	YES	Lori Greiner	$90,000 for 8%
4	9	drive suits	$150,000 for 20%	YES	Kevin O'Leary	$150,000 for 30%
4	9	ice chips	$250,000 for 15%	YES	Barbara Corcoran, Mark Cuban	$125,000 for 40%
4	9	pc classes online	$150,000 for 15%	NO	NA	NA
4	9	revestor	$250,000 for 10%	NO	NA	NA
4	10	corks away	$105,000 for 20%	NO	NA	NA
4	10	nearly newlywed	$35,000 for 10%	NO	NA	NA
4	10	ruckpack	$75,000 for 10%	YES	Kevin O'Leary, Robert Herjavec	$150,000 for 20%
4	10	tie try	$100,000 for 25%	NO	NA	NA
4	11	fat ass fudge	$250,000  5%	NO	NA	NA
4	11	partie poche	$100,000 for 20%	NO	NA	NA
4	11	the coop	$150,000 for 15%	YES	Barbara Corcoran	$150,000 for 15%
4	11	the living christmas company	$150,000 for 30%	YES	Mark Cuban	$150,000 for 40%
4	12	arkeg	$100,000 for 33%	NO	NA	NA
4	12	dura-tent	$50,000 for 30%	NO	NA	NA
4	12	hot tot	$50,000 for 15%	YES	Mark Cuban	$75,000 for 40%
4	12	the gameface company	$450,000 for 25%	YES	Mark Cuban, Lori Greiner	$450,000 for 35%
4	13	coffee joulies	$150,000 for 5%	YES	Kevin O'Leary, Robert Herjavec, Daymond John, Lori Greiner	$150,000 for 0%
4	13	sub zero ice cream	$300,000 for 12%	NO	NA	NA
4	13	teddy needs a bath	$50,000 for 10%	YES	Mark Cuban	$100,000 for 30%
4	13	urbio	$300,000 for 12%	YES	Lori Greiner	$300,000 for 15%
4	14	bibbitec	$40,000 for 14%	NO	NA	NA
4	14	cuddletunes	$400,000 for 20%	NO	NA	NA
4	14	soundbender	$54,000 for 26%	YES	Daymond John	$54,000 for 40%
4	14	xero shoes	$400,000 for 8%	NO	NA	NA
4	15	grinds	$75,000 for 10%	YES	Daymond John, Robert Herjavec	$75,000 for 15%
4	15	hoodie pillow	$90,000 for 15%	YES	Robert Herjavec	$90,000 for 20%
4	15	my cold snap	$50,000 for 100%	YES	NA	NA
4	15	the green garmento	$300,000 for 20%	NO	NA	NA
4	16	gotta have s'more	$75,000 for 25%	NO	NA	NA
4	16	how do you roll?	$1,000,000 for 12%	YES	Kevin O'Leary	$1,000,000 for 20%
4	16	pretty padded room	$100,000 for 30%	NO	NA	NA
4	16	smartwheel	$100,000 for 15%	YES	Mark Cuban, Robert Herjavec	$100,000 for 30%
4	17	addison's wonderland	$90,000 for 20%	NO	NA	NA
4	17	hip chixs	$150,000 for 35%	NO	NA	NA
4	17	muddy water camo	$150,000 for 5%	NO	NA	NA
4	17	proof eyewear	$150,000 for 10%	NO	NA	NA
4	18	jeska shoe company	$70,000 for 30%	YES	Daymond John	$70,000 for 70%
4	18	neo innovations	$80,000 for 20%	NO	NA	NA
4	18	nuts 'n more	$250,000  20%	YES	Mark Cuban, Robert Herjavec	$250,000  35%
4	18	psi bands	$250,000 for 10%	NO	NA	NA
4	19	baby loves disco	$150,000 for 10%	NO	NA	NA
4	19	cellhelmet	$160,000 for 20%	NO	NA	NA
4	19	cordaroy's	$200,000 for 20%	YES	Lori Greiner	$200,000 for 58%
4	19	lose 12 inches with any 12 workouts	$120,000 for 25%	YES	Daymond John	$120,000 for 25%
4	20	coolwraps	$100,000 for 40%	YES	Mark Cuban	$250,000 for 100%
4	20	drop stop	$300,000 for 15%	YES	Lori Greiner	$300,000 for 20%
4	20	simple sugars	$100,000 for 10%	YES	Mark Cuban	$100,000 for 33%
4	20	traditional fisheries	$225,000 for 25%	NO	NA	NA
4	21	echo valley meats	NA	NO	NA	NA
4	21	gobie h2o	$300,000 for 10%	YES	Daymond John	$300,000 for 40%
4	21	liddup	$100,000 for 10%	YES	Kevin O'Leary	$100,000 for 0%
4	21	rootsuit	$100,000 for 15%	NO	NA	NA
4	22	shell bobbers	$80,000 for 20%	YES	Mark Cuban	$80,000 for 33%
4	22	the mission belt	$50,000 for 20%	YES	Daymond John	$50,000 for 38%
4	22	tremont electric	$2,000,000  22%	NO	NA	NA
4	22	wicked good cupcakes	$75,000 for 20%	YES	Kevin O'Leary	$75,000 for 0%
4	23	mee-ma's louisiana gumbo brick	$200,000 for 20%	YES	Lori Greiner, Kevin O'Leary	$200,000 for 50%
4	23	mistobox	$75,000 for 15%	YES	Mark Cuban	$75,000 for 30%
4	23	squirrel boss	$130,000 for 40%	NO	NA	NA
4	23	the vermont butcher block & board company	$400,000  25%	NO	NA	NA
4	24	baby's badass burgers	$250,000  30%	NO	NA	NA
4	24	kazam	$300,000 for 20%	YES	Barbara Corcoran, Mark Cuban	$300,000 for 32%
4	24	pink shutter photobooths	$300,000 for 10%	YES	Barbara Corcoran	$300,000 for 33%
4	24	track days	$5,000,000 for 34%	NO	NA	NA
4	25	geek chic	$100,000 for 5%	YES	Robert Herjavec	$100,000 for 25%
4	25	jones scones	$100,000 for 25%	NO	NA	NA
4	25	lugless	$100,000 for 10%	NO	NA	NA
4	25	stella valle	$150,000 for 25%	YES	Lori Greiner, Mark Cuban	$150,000 for 35%
4	26	ryan's barkery	$25,000 for 25%	YES	Barbara Corcoran	$25,000 for 25%
4	26	three day rule	$200,000 for 10%	NO	NA	NA
4	26	tom + chee	$600,000 for 10%	YES	Barbara Corcoran, Mark Cuban	$600,000 for 30%
4	26	verbalizeit	$250,000 for 15%	YES	Kevin O'Leary	$250,000 for 20%
5	1	lynnae's gourmet pickles	$125,000 for 20%	NO	NA	NA
5	1	postcard on the run	$300,000 for 5%	YES	Robert Herjavec	$300,000 for 8%
5	1	rolodoc	$50,000 for 20%	NO	NA	NA
5	1	sweet ballz	$250,000 for 10%	YES	Barbara Corcoran, Mark Cuban	$250,000 for 20%
5	2	breathometer	$250,000 for 10%	YES	Lori Greiner, Robert Herjavec, Kevin O'Leary, Mark Cuban, Daymond John	$1,000,000 for 30%
5	2	kane & couture	$150,000  33%	YES	Lori Greiner, Daymond John	$150,000  40%
5	2	man medals	$10,000 for 10%	YES	NA	NA
5	2	mango mango	$75,000 for 20%	NO	NA	NA
5	3	fairytale wishes	$35,000 for 33%	NO	NA	NA
5	3	kookn' kap	$50,000 for 20%	NO	NA	NA
5	3	rapid ramen cooker	$300,000 for 10%	YES	Mark Cuban	$150,000 for 15%
5	3	the freeloader	$200,000 for 15%	YES	Robert Herjavec	$200,000 for 33%
5	4	hamboards	$100,000 for 15%	YES	Robert Herjavec	$300,000 for 30%
5	4	scan	$1,000,000 for 5%	NO	NA	NA
5	4	screenmend	$30,000 for 25%	YES	Lori Greiner	$30,000 for 50%
5	4	sunday night slow jams	$75,000 for 10%	NO	NA	NA
5	5	bare ease	$50,000 for 20%	NO	NA	NA
5	5	rent a goat	$150,000 for 25%	NO	NA	NA
5	5	rufflebutts and ruggedbutts	$600,000 for 7%	YES	Lori Greiner	$600,000 for 9%
5	5	veggie mama garden pops	$75,000 for 15%	YES	Barbara Corcoran, Mark Cuban	$75,000 for 20%
5	6	elephant chat	$50,000 for 20%	NO	NA	NA
5	6	fiberfix	$90,000 for 10%	YES	Lori Greiner	$120,000 for 12%<U+FFFD>
5	6	ten thirty one productions	$2,000,000 for 10%	YES	Mark Cuban	$2,000,000 for 20%
5	6	total merchant resources	$200,000 for 20%	YES	Kevin O'Leary	$200,000 for 50%
5	7	180cup	$300,000 for 15%	YES	Daymond John	$300,000 for 25%
5	7	better life	$400,000 for 7%	YES	Lori Greiner	$400,000 for 17%
5	7	kymera body board	$250,000 for 20%	NO	NA	NA
5	7	tree-t-pee	$150,000 for 20%	YES	John Paul DeJoria	$150,000 for 20%
5	8	bellybuds	$500,000 for 12%	NO	NA	NA
5	8	paparazzi proposals	$250,000 for 20%	YES	NA	NA
5	8	petpaint	$200,000 for 20%	NO	NA	NA
5	8	schulzies bread pudding	$160,000 for 20%	NO	NA	NA
5	9	doorbot	$700,000 for 10%	NO	NA	NA
5	9	magic moments	$500,000 for 15%	NO	NA	NA
5	9	slawsa	$150,000 for 15%	NO	NA	NA
5	9	surprise ride	$110,000 for 10%	NO	NA	NA
5	10	chocomize	$500,000 for 20%	NO	NA	NA
5	10	grace and lace	$175,000 for 10%	YES	Barbara Corcoran	$87,500 for 10%
5	10	pursecase	$55,000 for 12%	YES	Lori Greiner	$55,000 for 15%
5	10	yubo	$150,000 for 15%	YES	Kevin O'Leary, Robert Herjavec	$150,000 for 20%
5	11	de-boned baby back rib steak	$300,000 for 50%	YES	Daymond John	$300,000 for 30%
5	11	fohawx	$150,000 for 30%	NO	NA	NA
5	11	spirithoods	$450,000 for 15%	NO	NA	NA
5	11	virtuix omni	$2,000,000 for 10%	NO	NA	NA
5	12	cashmere hair	$45,000 for 15%	NO	NA	NA
5	12	hanukkah tree topper	$50,000 for 15%	YES	Daymond John	$50,000 for 35%
5	12	lite-netics	$125,000 for 20%	NO	NA	NA
5	12	tipsy elves	$100,000 for 5%	YES	Robert Herjavec	$100,000 for 10%
5	13	bounce boot camp	$20,000 for 20%	NO	NA	NA
5	13	eyebloc	$50,000 for 10%	NO	NA	NA
5	13	groovebook	$150,000 for 20%	YES	Kevin O'Leary, Mark Cuban	$150,000 for 80%
5	13	the wall doctorx	$450,000 for 10%	YES	Robert Herjavec	$150,000 for 0%
5	14	alaska glacial mud co.	$100,000 for 20%	NO	NA	NA
5	14	balloon distractions	$250,000 for 50%	NO	NA	NA
5	14	invisiplug	$125,000 for 10%	YES	Lori Greiner	$125,000 for 10%
5	14	lockerbones	$175,000 for 10%	YES	Lori Greiner, Robert Herjavec	$175,000 for 50%
5	15	fitdeck	$300,000 for 20%	NO	NA	NA
5	15	freshly picked	$150,000 for 10%	YES	Daymond John	$150,000 for 25%
5	15	lifecaps	$200,000 for 30%	NO	NA	NA
5	15	swimzip	$60,000 for 5%	YES	Lori Greiner	$60,000 for 20%
5	16	cow wow cereal milk	$250,000 for 10%	NO	NA	NA
5	16	cycloramic	$90,000 for 5%	YES	Lori Greiner, Mark Cuban	$500,000 for 15%
5	16	nexersys	$2,000,000 for 10%	NO	NA	NA
5	16	the cookie dough cafe	$50,000 for 20%	YES	Lori Greiner, Steve Tisch	$100,000 for 30%
5	17	ddp yoga	$200,000 for 5%	NO	NA	NA
5	17	moberi	$50,000 for 15%	NO	NA	NA
5	17	southern culture artisan foods	$100,000 for 25%	YES	Barbara Corcoran	$100,000 for 38%
5	17	spy escape and evasion	$100,000 for 15%	YES	Daymond John	$150,000 for 25%
5	18	bambooee	$200,000 for 10%	YES	Lori Greiner	$200,000 for 10%
5	18	buzzy4shots	$500,000 for 5%	NO	NA	NA
5	18	cheek'd	$100,000 for 10%	NO	NA	NA
5	18	zipit	$75,000 for 20%	NO	NA	NA
5	19	revolights	$150,000 for 10%	YES	Robert Herjavec	$300,000 for 10%
5	19	squeeky knees	$80,000 for 20%	NO	NA	NA
5	19	the buffer bit	$75,000 for 25%	NO	NA	NA
5	19	u-lace	$200,000 for 25%	YES	Mark Cuban	$200,000 for 35%
5	20	boo boo goo	$100,000 for 17.50%	YES	Kevin O'Leary	$100,000 for 25%
5	20	define bottle	$100,000 for 20%	NO	NA	NA
5	20	henry's humdingers	$150,000 for 25%	YES	Robert Herjavec, Mark Cuban	$300,000 for 75%
5	20	iretron	$100,000 for 20%	YES	Barbara Corcoran, Mark Cuban	$100,000 for 20%
5	21	chapul	$50,000 for 5%	YES	Mark Cuban	$50,000 for 15%
5	21	garage door lock	$275,000 for 30%	YES	Daymond John	$275,000 for 35%
5	21	morninghead	$25,000 for 20%	NO	NA	NA
5	21	packback books	$200,000 for 10%	YES	NA	NA
5	22	kodiak cakes	$500,000 for 10%	NO	NA	NA
5	22	monkey mat	$100,000 for 30%	YES	Lori Greiner, Mark Cuban	$100,000 for 35%
5	22	plated	$500,000 for 4%	YES	Mark Cuban	$500,000 for 5.56%
5	22	the paint brush cover	$50,000 for 10%	YES	Lori Greiner	$100,000 for 20%
5	23	happy feet	$375,000 for 15%	YES	Robert Herjavec	$375,000 for 25%
5	23	hold your haunches	$75,000 for 20%	YES	Lori Greiner, Barbara Corcoran	$100,000 for 40%
5	23	lord nut levington	$500,000 for 30%	NO	NA	NA
5	23	velocity signs	$225,000 for 15%	YES	Robert Herjavec, Mark Cuban, Kevin O'Leary	$225,000 for 30%
5	24	fun time express	$125,000 for 20%	YES	Lori Greiner, Kevin O'Leary	$125,000 for 20%
5	24	powerpot	$250,000 for 10%	YES	Mark Cuban	$250,000 for 12%
5	24	quickstop fire sprinkler tools	$150,000 for 10%	NO	NA	NA
5	24	taylor robinson music	$100,000 for 10%	NO	NA	NA
5	25	fort magic	$75,000 for 15%	NO	NA	NA
5	25	ilumi	$350,000 for 15%	YES	NA	NA
5	25	intelli-stopper technology	$250,000 for 10%	NO	NA	NA
5	25	zoobean	$250,000 for 15%	YES	Mark Cuban	$250,000 for 30%
5	26	cerebral success	$75,000 for 20%	YES	Barbara Corcoran	$75,000 for 40%
5	26	crio	$1,000,000 for 10%	NO	NA	NA
5	26	mo's bows	$50,000 for 20%	NO	NA	NA
5	26	rugged maniac	$1,000,000 for 10%	YES	Mark Cuban	$1,750,000 for 25%
5	27	angellift	$1,000,000 for 10%	YES	Lori Greiner	$500,000 for 15%
5	27	hangease	$80,000 for 30%	YES	NA	NA
5	27	susty party	$250,000 for 10%	NO	NA	NA
5	27	the bouqs company	$258,000 for 50%	NO	NA	NA
5	28	bon affair	$150,000 for 35%	YES	Mark Cuban	$150,000 for 35%
5	28	cinnaholic	$200,000 for 20%	YES	NA	NA
5	28	hargitt marine services	$250,000 for 25%	NO	NA	NA
5	28	oru kayak	$500,000 for 12%	YES	Robert Herjavec	$500,000 for 25%
5	29	baker's edge	$400,000 for 20%	NO	NA	NA
5	29	bzbox	$50,000 for 20%	YES	Lori Greiner	$50,000 for 40%
5	29	foot fairy	$75,000 for 15%	YES	Mark Cuban	$100,000 for 40%
5	29	tie-not	$125,000 for 10%	NO	NA	NA
6	1	amber	$200,000 for 20%	NO	NA	NA
6	1	bombas	$200,000 for 5%	YES	Daymond John	$200,000 for 18%
6	1	hammer & nails	$200,000  20%	NO	NA	NA
6	1	sleeping baby	$200,000 for 10%	YES	Daymond John	$200,000 for 20%
6	2	kronos	$150,000 for 15%	YES	Robert Herjavec	$150,000 for 30%
6	2	roominate	$500,000 for 5%	YES	Lori Greiner, Mark Cuban	$500,000 for 5%
6	2	the floating mug co.	$75,000 for 15%	NO	NA	NA
6	2	wedding wagon	$125,000 for 20%	NO	NA	NA
6	3	drumpants	$150,000 for 5%	NO	NA	NA
6	3	heart pup	$25,000 for 10%	YES	Daymond John	$50,000 for 40%
6	3	ninja cards	$60,000 for 30%	NO	NA	NA
6	3	soapsox	$260,000 for 10%	NO	NA	NA
6	4	funcakes rental	$285,000 for 25%	NO	NA	NA
6	4	paper box pilots	$35,000 for 25%	YES	Kevin O'Leary	$35,000 for 50%
6	4	reviver	$150,000 for 5%	YES	Lori Greiner	$150,000 for 15%
6	4	table jacks	$100,000 for 25%	NO	NA	NA
6	5	jungle jumparoo	$100,000 for 20%	NO	NA	NA
6	5	sunstaches	$300,000 for 5%	YES	Daymond John	$300,000 for 20%
6	5	the caddy girls	$100,000 for 20%	NO	NA	NA
6	5	the red dress boutique	$600,000 for 5%	YES	Robert Herjavec, Mark Cuban	$1,200,000 for 20%
6	6	beatbox beverages	$200,000 for 10%	YES	Mark Cuban	$600,000 for 33%
6	6	emergensee	$250,000 for 10%	NO	NA	NA
6	6	honeyfund	$400,000 for 10%	YES	Kevin O'Leary	$400,000 for
6	6	oilerie usa	$500,000 for 35%	NO	NA	NA
6	7	beardbrand	$400,000 for 15%	NO	NA	NA
6	7	myself belts	$60,000 for 10%	YES	Daymond John	$75,000 for 25%
6	7	singtrix	$1,500,000 for 5%	NO	NA	NA
6	7	titin	$500,000 for 5%	YES	Daymond John	$500,000 for 20%
6	8	bottle breacher	$150,000 for 10%	YES	Mark Cuban, Kevin O'Leary	$150,000 for 20%
6	8	man-pack	$200,000 for 29%	NO	NA	NA
6	8	priority one canine	$75,000 for 15%	NO	NA	NA
6	8	the natural grip	$100,000 for 20%	YES	Robert Herjavec	$125,000 for 25%
6	9	heidi ho	$125,000 for 20%	YES	Lori Greiner	$125,000 for 30%
6	9	pipsnacks	$200,000 for 10%	YES	Barbara Corcoran	$200,000 for 10%
6	9	squatty potty	$350,000 for 5%	YES	Lori Greiner	$350,000 for 10%
6	9	storm stoppers	$100,000 for 10%	NO	NA	NA
6	10	earth log	$160,000 for 20%	YES	Lori Greiner	$160,000 for 35%
6	10	kitchen safe	$100,000 for 5%	YES	Lori Greiner, Nick Woodman	$100,000 for 20%
6	10	magiccook	$100,000 for 20%	YES	Daymond John	$100,000 for 33%
6	10	off the cob	$100,000 for 15%	NO	NA	NA
6	11	biaggi	$500,000 for 30%	YES	Lori Greiner	$500,000 for 33%
6	11	gameday couture	$500,000 for 20%	YES	Mark Cuban	$500,000 for 30%
6	11	swag essentials	$125,000 for 20%	NO	NA	NA
6	11	zipz	$2,500,000 for 10%	YES	Kevin O'Leary	$2,500,000 for 10%
6	12	eve drop	$75,000 for 20%	NO	NA	NA
6	12	hoppy paws	$50,000 for 10%	YES	Barbara Corcoran	$100,000 for 50%
6	12	q-flex	$20,000 for 20%	YES	Mark Cuban, Barbara Corcoran	$25,000 for 25%
6	12	the mensch on a bench	$150,000 for 10%	YES	Lori Greiner, Robert Herjavec	$150,000 for 15%
6	13	bantam bagels	$275,000 for 11%	YES	Lori Greiner	$275,000 for 25%
6	13	coffee meets bagel	$500,000 for 5%	NO	NA	NA
6	13	doorman	$250,000 for 10%	YES	Robert Herjavec	$250,000 for 12%
6	13	skinnyshirt	$100,000 for 20%	NO	NA	NA
6	14	bottle bright	$75,000 for 15%	YES	Lori Greiner	$75,000 for 33%
6	14	evrewares	$100,000  30%	YES	Mark Cuban	$200,000  100%
6	14	scratch & grain baking co.	$150,000  20%	YES	Barbara Corcoran	$150,000  20%
6	14	vestpakz	$50,000 for 10%	NO	NA	NA
6	15	bello verde	$360,000 for 6%	NO	NA	NA
6	15	lumio	$250,000 for 8%	YES	Robert Herjavec	$350,000 for 10%
6	15	napwell	$100,000 for 10%	NO	NA	NA
6	15	turbopup	$100,000 for 20%	YES	NA	NA
6	16	greenbox	$300,000  10%	YES	Kevin O'Leary	$300,000 (Contigent License Deal)  10%
6	16	phonesoap	$300,000  7.5%	YES	Lori Greiner	$300,000  10%
6	16	tycoon real estate	$50,000 for 5%	NO	NA	NA
6	16	victoria's kitchen	$200,000 for 20%	NO	NA	NA
6	17	balm chicky balm balm	NA	NO	NA	NA
6	17	bedjet	NA	NO	NA	NA
6	17	drain strain	NA	YES	NA	NA
6	17	fresh patch	NA	YES	NA	NA
6	18	beverageboy	$50,000 for 15%	YES	Daymond John	$50,000 for 35%
6	18	funbites	$75,000 for 20%	YES	Lori Greiner	$75,000 for 25%
6	18	himalayan dog chew	750,000 for 5%	NO	NA	NA
6	18	the lip bar	125,000 for 20%	NO	NA	NA
6	19	boobypack	$80,000 for 20%	YES	Barbara Corcoran	$80,000 for 25%
6	19	gold rush nugget bucket	$60,000 for 15%	YES	Robert Herjavec	$60,000 for 25%
6	19	lumi	$250,000 for 5%	NO	NA	NA
6	19	sseko designs	$300,000 for 10%	NO	NA	NA
6	20	keen home	NA	YES	NA	NA
6	20	luminaid	NA	YES	NA	NA
6	20	scholly	NA	YES	NA	NA
6	20	taaluma totes	NA	NO	NA	NA
6	21	bedryder	NA	NO	NA	NA
6	21	coco jack	NA	YES	NA	NA
6	21	frill clothing	NA	YES	NA	NA
6	21	the twin z pillow	NA	YES	NA	NA
6	22	aqua vault	$75,000 for 12%	YES	Daymond John	$75,000 for 25%
6	22	echo valley meats	$150,000 for 20%	YES	Mark Cuban	150,000 for 25% w/option
6	22	emazinglights	NA	YES	Mark Cuban and Daymond John	$650,000  5% Equity, 20% Licensing Commissions
6	22	naja	$500,000 for 5%	YES	NA	NA
6	23	beesweet lemonade	$60,000 for 10%	YES	Daymond John	$60,000 for 25%
6	23	brandyourself	$2,000,000 for 13.5%	NO	NA	NA
6	23	icpooch	$150,000 for 20%	NO	NA	NA
6	23	the home t	NA	NO	NA	NA
6	24	bee thinking	400,000 for 10%	NO	NA	NA
6	24	budsies	NA	NO	NA	NA
6	24	forus athletics	200,000 for 15%	NO	NA	NA
6	24	pullypalz	100,000 for 20%	YES	Lori Greiner	100,000 for 28%
6	25	beneath the ink	$350,000 for 10%	NO	NA	NA
6	25	melni connectors	$500,000 for 12%	YES	Mark Cuban	$500,000 for 12%
6	25	neatcheeks	$150,000 for 25%	YES	Barbara Corcoran	$150,000 for 25%
6	25	pittmoss	$600,000  25%	YES	Mark Cuban, Robert Herjavec, Kevin O'Leary	$600,000  35%
6	26	buck mason	$200,000 for 18%	NO	NA	NA
6	26	noene usa	$100,000 for 10%	YES	Mark Cuban and Daymond John	$200,000 for 30%
6	26	snagastool	$120,000 for 18%	NO	NA	NA
6	26	zinepak	$750,000 for 10%	YES	Robert Herjavec and Lori Greiner	$750,000 for 17.5%
6	27	frameri	$150,000 for 3.5%	NO	NA	NA
6	27	the paleo diet foods	$150,000 for 20%	NO	NA	NA
6	27	world record striper company	$75,000 for 20%	YES	Mark Cuban	$80,000 for 33%
6	27	zero pollution motors	$5,000,000 for 50%	YES	Robert Herjavec	$5,000,000 for 50%
6	28	sunscreen mist	$400,000 for 15%	NO	NA	NA
6	28	syndaver labs	$3,000,000 for 10%	YES	Robert Herjavec	$3,000,000 for 25%
6	28	you kick ass	$100,000 for 10%	YES	NA	NA
6	28	zoom interiors	NA	YES	NA	NA
6	29	gato cafe	NA	NO	NA	NA
6	29	shark wheel	NA	YES	NA	NA
6	29	spikeball	NA	YES	NA	NA
6	29	sway motorsports	NA	YES	NA	NA
7	1	acton	$1 million for 3.5%	NO	NA	NA
7	1	mcclary bros. drinking vinegars	$100k for 15%	NO	NA	NA
7	1	signalvault	$200k for 12%	YES	Lori Greiner and Robert Herjavec	$200k for 25%
7	1	the beebo	$200K for 15%	YES	Ashton Kutcher and Lori Greiner	$200K for 30%
7	2	loliware	NA	YES	NA	NA
7	2	mikki bey eyelash extensions	$300k for 20%	NO	NA	NA
7	2	o'dang hummus	$50k for 10%	YES	Lori Greiner and Robert Herjavec	$50k for 20%
7	2	splikity	$200k for 20%	NO	NA	NA
7	3	foot cardigan	$250k for 10%	YES	Mark Cuban and Troy Carter	$250k for 20%
7	3	nerdwax	$80k for 20%	NO	NA	NA
7	3	the two guys bowtie company	$150k for 10%	YES	Daymond John and Troy Carter	$150k for 17.5% with a 10% royalty
7	3	valpark	$300k for 20%	NO	NA	NA
7	4	dude products	$300k for 10%	YES	Mark Cuban	$300k for 25%
7	4	ez-pee-z	$50k for 15%	NO	NA	NA
7	4	milk + brookies	$100k for 20%	NO	NA	NA
7	4	table 87 coal oven pizza	$200k for 10%	YES	Lori Greiner	$250k for 19%
7	5	switch witch	$55k for 25%	NO	NA	NA
7	5	the skinny mirror	$200k for 20%	NO	NA	NA
7	5	three jerks jerky	$100k for 15%	YES	Daymond John	$100k for 15%
7	5	xcraft	$500k  20%	YES	Split equally among all five Sharks. Robert, Lori, Kevin, Daymond, Mark	$1.5M  25%
7	6	hotshot	$300k for 10%	NO	NA	NA
7	6	rent like a champion	$200k for 10%	YES	Mark Cuban and Chris Sacca	$200k for 10%
7	6	stem center usa	NA	YES	NA	NA
7	6	windcatcher technology	$200k for 8%	YES	Lori Greiner	$200k + line of credit for 5%
7	7	clean cube	$300k for 10%	NO	NA	NA
7	7	saavy naturals	$220k for 10%	YES	Barbara Corcoran	$200k for 40%
7	7	simply fit board	$125k for 15%	YES	Lori Greiner	$125k for 18%
7	7	wink frozen desserts	$300k for 15%	NO	NA	NA
7	8	afresheet	$100k for 20%	NO	NA	NA
7	8	grip clean	$85k for 20%	YES	Lori Greiner	$85k for 35%
7	8	polarpro	$500k for 10%	YES	Mark Cuban and Robert Herjavec	$1 Million for 20%
7	8	unshrinkit	$150k for 10%	YES	Mark Cuban	$150k for 15%
7	9	brazi bites	$200k for 10%	YES	Lori Greiner	$200k for 16.5%
7	9	national association of bubble soccer	$160k for 10%	NO	NA	NA
7	9	socktabs	$50k for 20%	YES	Daymond John	$50k for 30%
7	9	umano	$150k for 15%	YES	Lori Greiner and Mark Cuban	$150k for 20%
7	10	glow recipe	$425k for 10%	YES	Robert Herjavec	$425k for 25%
7	10	leaux racing trikes	$120k for 20%	NO	NA	NA
7	10	sarah oliver handbags	$250k for 20%	YES	Lori Greiner, Robert Herjavec and Kevin O<U+0092>Leary	$250k for 30%
7	10	trunkster	$1.4 million for 5%	YES	Lori Greiner and Mark Cuban	$1.4 million each for 5% each
7	11	beard head	$250k for 25%	NO	NA	NA
7	11	geekmytree	$225k for 25%	YES	Kevin O<U+0092>Leary	$225k for 50%
7	11	lovepop	$300k for 10%	YES	Kevin O<U+0092>Leary	$300k for 15%
7	11	piperwai	$50k for 10%	YES	Barbara Corcoran	$50k for 25%
7	12	abs pancakes	$120k for 40%	YES	Daymond John	$120k for 42%
7	12	extreme sandbox	$150k for 15%	YES	Mark Cuban and Kevin O<U+0092>Leary	$150k for 20%
7	12	fireavert	$300k for 7%	YES	Lori Greiner	$300k loan for 5% interest until $400k repaid, then 10% equity
7	12	total tie keep	$50k for 15%	NO	NA	NA
7	13	controlled chaos	$50k for 20%	YES	Lori Greiner	$60k for 50%
7	13	ezpz	$1 Million for 5%	YES	Kevin O'Leary	NA
7	13	hungry harvest	$50k for 5%	YES	Robert Herjavec	$100k for 10%
7	13	spretz	$100k for 20%	NO	NA	NA
7	14	beard king	$100K for 20%	YES	Lori Greiner	$100K for 40%
7	14	fixed	$700K for 5%	YES	Mark Cuban	$700K for 7%
7	14	hatch baby	$250K for 2.50%	YES	Chris Sacca	$250K Loan for .25% interest
7	14	village scholarships	$125K for 10%	NO	NA	NA
7	15	2400 expert	$250K for 10%	YES	Mark Cuban	$250K for 20%
7	15	co.alition	$200K for 20%	NO	NA	NA
7	15	icybreeze	$50K for 5%	NO	NA	NA
7	15	shefit	$250K for 20%	YES	Daymond John	$250K for 33%
7	16	beartek	$500K for 5%	NO	NA	NA
7	16	combat flip flops	$150K for 10%	YES	Daymond John, Lori Greiner, and Mark Cuban	$300K for 30%
7	16	major mom	$150K for 20%	NO	NA	NA
7	16	r. riveter	$100K for 20%	YES	Mark Cuban	$100K for 20% + line of credit
7	17	bee free honee	$110K for 10%	YES	Barbara, Mark, and Chris Sacca	$210K for 30%
7	17	float baby	$150K for 20%	NO	NA	NA
7	17	mtailor	$2.5M for 10%	NO	NA	NA
7	17	smartplate	$1M for 15%	NO	NA	NA
7	18	clean sleep	$1.5M for 15%	NO	NA	NA
7	18	nohbo	$100K for 20%	YES	Mark Cuban	$100K for 25%
7	18	sworkit	$1.5M for 8.5%	YES	Mark Cuban	$1.5M for 10%
7	18	tutublue	$200K for 25%	NO	NA	NA
7	19	custard stand food products	$400K for 10%	NO	NA	NA
7	19	insta-fire	$300K for 10%	YES	Mark Cuban, Lori Greiner	$300K for 30%
7	19	prx performance	$80K for 10%	YES	Kevin O'Leary	$80K for 20%
7	19	rags to raches	$200K for 10%	YES	Robert Herjavec	$200K for 15%
7	20	betterback	$750K for 7.5%	YES	Lori Greiner	$750K Loan for 7.5% interst + 8% equity
7	20	glace cryotherapy	$100K for 20%	YES	Barbara Corcoran	$100K for 30%
7	20	linka	$250K for 10%	NO	NA	NA
7	20	teaspressa	$50K for 10%	NO	NA	NA
7	21	beloved shirts	$175K for 5%	NO	NA	NA
7	21	illumibowl	$100K for 15%	YES	Kevin O<U+0092>Leary	$100K for 20%
7	21	innovation pet	$250K for 5%	YES	Daymond John	$250K for 12.5% equity + 25% of online sales
7	21	mobcraft beer	$400K for 16.00%	NO	NA	NA
7	22	beer blizzard	$100K for 20%	YES	Mark Cuban	$100K for 25%
7	22	the good promise	$100k for 20%	NO	NA	NA
7	22	vengo	$2M for 12.50%	YES	Kevin O<U+0092>Leary and Lori Greiner	$2M for 7% interest plus 3% equity
7	22	wondercide	$500K for 5.00%	YES	Lori Greiner	$500K for 0.50<U+00A2> royalty plus 3% equity
7	23	coolbox	$500k for 10.00%	YES	Lori Greiner	$500k Line of Credit @ 5% for 15%
7	23	nophone	$25k for 15.00%	NO	NA	NA
7	23	pridebites pet products	$200k for 10%	YES	Lori Greiner and Robert Herjavec	$200k for 20%
7	23	trobo	$100k for 10%	YES	Robert Herjavec	$166k for 33%
7	24	frends	$1 million for 7.60%	NO	NA	NA
7	24	petnostics	$300k for 10%	YES	Lori Greiner and Kevin O'Leary	$300k for 20%
7	24	popslate	$500K for 5%	NO	NA	NA
7	24	slyde handboards	$200K for 15.00%	YES	Ashton Kutcher and Mark Cuban	$200K for 22%
7	25	drip drop	$50K for 20%	YES	Barbara Corcoran	$50K for 33.3%
7	25	inchbug	$400K for 10%	NO	NA	NA
7	25	jarrett & raja productions	$750K  40%	NO	NA	NA
7	25	kidrunner	$500K for 20%	NO	NA	NA
7	26	brellabox	$400K for 20%	NO	NA	NA
7	26	brightwheel	$400K for 4%	YES	Chris Sacca and Mark Cuban	$600K for 6.67%
7	26	fashiontap	$100K for 10%	NO	NA	NA
7	26	my fruity faces	$200K for 10%	NO	NA	NA
7	27	creaproducts	$200K for 10%	YES	Lori Greiner	$75K for 22.5%
7	27	dollop gourmet	$75K for 20%	YES	Barbara Corcoran	$75K for 25%
7	27	the spooner	$400K for 16%	YES	Mark Cuban and Barbara Corcoran	$400K for 16%
7	27	yourself expression	$50K for 20%	NO	NA	NA
7	28	camp no counselors	$300K for 7.5%	NO	NA	NA
7	28	extreme vehicle protection	$50K for 20%	YES	Daymond John	$50K for 33%
7	28	gladiator lacrosse	$100K for 15%	NO	NA	NA
7	28	vpcabs	$200K for 10%	YES	Daymond John	$200K for 25%
7	29	felt	$200K for 6%	YES	Kevin O<U+0092>Leary	$225K for 10%
7	29	pavlok	$500K for 3.14%	NO	NA	NA
7	29	pete & pedro	$100K for 10%	YES	Barbara Corcoran	$100K for 10%
7	29	pms bites	$50K for 20%	NO	NA	NA
8	1	fizzics	$500K for 4%	YES	Mark Cuban and Lori Greiner	$2MM for 16.67%
8	1	islide	$500K for 5%	NO	NA	NA
8	1	rethink	$100K for 20%	YES	Mark Cuban and Lori Greiner	$100$ for 20%
8	1	spoonful of comfort	$400K for 10%	NO	NA	NA
8	2	goodhangups	$100K for 10%	YES	Lori Greiner	$100$ for 20%
8	2	ice age meals	$1000K for 10%	NO	NA	NA
8	2	tactibite fish call	$150K for 10%	YES	Robert Herjavec	$150K for 10%
8	2	the lapel project	$150K for 20%	YES	Mark Cuban	$150K for 30%
8	3	night runner 270	$350K for 10%	YES	Robert Herjavec	$250K for 15%
8	3	raising wild	$100K for 20%	YES	Barbara Corcoran	$100K for 51%
8	3	tekdry	$500K for 5%	YES	Kevin O<U+0092>Leary	$500K for 13%
8	3	the cookie kahuna	$50K for 20%	NO	NA	NA
8	4	angels and tomboys	$55k for 20%	YES	Daymond John and Mark Cuban	$60K for 33.3%
8	4	atlantic candy company	$1000K for 10%	NO	NA	NA
8	4	biem	$500K for 5%	YES	Lori Greiner	$500K for 15%
8	4	solemates	$500K for 10%	YES	Robert Herjavec	$500K for 20%
8	5	parker maple	$200K for 20%	NO	NA	NA
8	5	safegrabs	$75K for 12%	YES	Lori Greiner	$75K for 25%
8	5	sandilake clothing	$100K for 10%	NO	NA	NA
8	5	silidog	$100K for 15%	YES	Lori Greiner	$100K for 30%
8	6	joyce's lulu bang	$150K for 10%	NO	NA	NA
8	6	potato parcel	$50K for 10%	YES	Kevin O<U+0092>Leary	$50K for 10%
8	6	sunscreenr	$800K for 10%	YES	Kevin O<U+0092>Leary	$800K for 33.3%
8	6	unpack	$500K for 40%	NO	NA	NA
8	7	#besomebody	$1000K for 10%	NO	NA	NA
8	7	eco flower	$400K for 10%	YES	Daymond John	$400K for 20%
8	7	safe catch	$600K for 3%	NO	NA	NA
8	7	the style club	$500K for 20%	YES	Mark Cuban	$500K for 22%
8	8	chi'lantro bbq	$600K for 15%	YES	Barbara Corcoran	$600K for 20%
8	8	jack's stands & marketplaces	$50K for 10%	YES	Chris Sacca	$50K for 2%
8	8	milk snob	NA	YES	NA	NA
8	8	toor	NA	YES	NA	NA
8	9	barbell apparel	$500K for 5%	NO	NA	NA
8	9	energybits	$500K for 5%	NO	NA	NA
8	9	line cutterz	$120K for 20%	YES	Daymond John	$120K for 33%
8	9	pupbox	$250K for 10%	YES	Robert Herjavec	$250K for 15%
8	10	inboard technology	$750K for 4%	YES	Kevin O<U+0092>Leary & Lori Greiner	$750K for 5%
8	10	nomiku	$250K for 5%	YES	Chris Sacca	$250K for 10%
8	10	nootrobox	$2million for 5%	NO	NA	NA
8	10	petplate	$100K for 10%	NO	NA	NA
8	11	digiwrap	$150K for 10%	YES	Kevin O<U+0092>Leary	$150K for 20%
8	11	hand out gloves	$300K for 20%	YES	Barbara Corcoran	$300K for 25%
8	11	polyglide synthetic ice	$150K for 20%	NO	NA	NA
8	11	sealed by santa	$150K for 20%	YES	Lori Greiner	$150K for 22.5%
8	12	basic outfitters	$125K for 10%	NO	NA	NA
8	12	naturally perfect dolls	$200K for 20%	YES	Daymond John	$200K for 33.3%
8	12	pdx pet design	$300K for 15%	NO	NA	NA
8	12	victory coffees	$250K for 20%	NO	NA	NA
8	13	grease bags	$75K for 25%	YES	Barbara Corcoran	$75K for 50%
8	13	mama's milkbox	$200K for 20%	NO	NA	NA
8	13	nicepipes apparel	$100K for 10%	NO	NA	NA
8	13	pinblock	$100K for 20%	YES	Kevin O<U+0092>Leary	$100K for 50%
8	14	chirps	$100K for 7%	YES	Mark Cuban	$100K for 15%
8	14	getaway	$500k for 5%	NO	NA	NA
8	14	pop-up play	$250K for 6%	YES	Chris Sacca	$250K for 6%
8	14	vibes	$100K for 20%	NO	NA	NA
8	15	dbest products	$350K for 5%	YES	Mark Cuban & Lori Greiner	$350K for 20%
8	15	little nomad	$80K  for 15%	NO	NA	NA
8	15	rinsekit	$250K for 5%	YES	Daymond John	$250K for 7.5%
8	15	the kooler	$50k for 15%	YES	Daymond John	$50k for 33.3%
8	16	doc spartan	$75K for 15%	YES	Robert Herjavec	$75K for 25%
8	16	f.f.t.o.b.	$250K for 33%	YES	Lori Greiner	$250K for 50%
8	16	peaceful fruits	$75K for 20%	NO	NA	NA
8	16	tranquilo	$100K for 10%	YES	Robert Herjavec	$200K for 20%
8	17	bitsbox	$250K for 3%	NO	NA	NA
8	17	edn wallgarden	$150K for 10%	NO	NA	NA
8	17	hotels by day	$750K for 10%	NO	NA	NA
8	17	toymail	$250K for 2.5%	YES	Lori Greiner & Chris Sacca	$600K for 5%
8	18	dartdrones	$300K for 10%	YES	Mark Cuban	$300K for 15%
8	18	ora organic	$375K for 5%	NO	NA	NA
8	18	sand cloud	$200K for 8%	YES	Robert Herjavec	$200K for 15%
8	18	the elephant pants	$500K for 10%	YES	Daymond John	$500K for 15%
8	19	blendtique wine company	$250K for 10%	YES	Lori Greiner	$250K for 10%
8	19	mealenders	$350K for 8%	NO	NA	NA
8	19	rareform	$300K for 10%	YES	Kevin O<U+0092>Leary	$300K for 8%
8	19	the sleep styler	$75K for 20%	YES	Lori Greiner	$75K for 30%
8	20	apollo peak	$100K for 10%	YES	Kevin O<U+0092>Leary	$100K for 20%
8	20	cropsticks	$75K for 12.5%	NO	NA	NA
8	20	seedsheet	$500K for 10%	YES	Lori Greiner	$500K for 22%
8	20	under the weather	$600K for 10%	YES	Mark Cuban	$600K for 10%
8	21	flag	$375K for 5%	NO	NA	NA
8	21	guard llama	$100K for 5%	YES	Barbara Corcoran	$100K for 18%
8	21	guardian bikes	$500k for 10%	YES	Mark Cuban	$500k for 15%
8	21	validated	$250K for 8%	NO	NA	NA
8	22	bootyqueen apparel	$250K for 20%	YES	Daymond John	$250K for 33.3%
8	22	goverre	$200K for 13%	YES	Robert Herjavec, Mark Cuban & Lori Greiner	$200K for 33.3%
8	22	loctote industrial bag co.	$150K for 5%	YES	Robert Herjavec	$150K for 10%
8	22	see rescue streamer	$200K for 20%	NO	NA	NA
8	23	peoples design	$75K for 25%	YES	Lori Greiner	$75K for 33.3%
8	23	rumi spice	$250K for 5%	YES	Mark Cuban	$250K for 15%
8	23	thompson tee	$700K for 7%	YES	Robert Herjavec	$700K for 18%
8	23	wallet buckle	$500K for 10%	NO	NA	NA
8	24	bridal buddy	$75K for 10%	YES	Kevin O<U+0092>Leary & Lori Greiner	$75K for 40%
8	24	laid brand	$30K for 30%	NO	NA	NA
8	24	rocketbook	$400K for 10%	NO	NA	NA
8	24	wine & design	$500K for 10%	YES	Kevin O<U+0092>Leary	$500K for 10%
